{
  "ids": [
    1,
    4,
    7,
    16,
    17,
    20,
    2,
    8,
    11,
    15,
    18,
    3,
    10,
    19,
    14,
    13,
    9,
    5,
    6,
    12
  ],
  "rvecs": [
    [
      0.0,
      0.0,
      0.0
    ],
    [
      0.034488500388329325,
      1.343198902596553,
      -1.9246830926105436
    ],
    [
      -0.9838286148342373,
      0.7256742123458179,
      -1.4159990675300604
    ],
    [
      0.4114158034768638,
      0.3764021317444001,
      -0.2379718712945127
    ],
    [
      2.095735952629655,
      -0.5003486472380948,
      2.2730300180951653
    ],
    [
      -0.6424875771157393,
      0.6482300566282639,
      -0.016164916500699223
    ],
    [
      0.982052295717431,
      -1.0178879855595737,
      -2.193168345907612
    ],
    [
      -0.7390886319469034,
      0.9355166740777799,
      1.2851318545888852
    ],
    [
      -0.02023927748386304,
      -0.594209095710498,
      -1.2120596653732167
    ],
    [
      -2.0411160619012563,
      0.8027731711400421,
      1.007153826579645
    ],
    [
      -0.48314165893404776,
      2.0789689180546285,
      2.272230241554718
    ],
    [
      1.4507736624243666,
      -1.5528246394025356,
      -0.7525998913844645
    ],
    [
      -2.0899726475710225,
      0.055855003394842194,
      1.93201883666956
    ],
    [
      -2.6608275962076835,
      0.42470374907960584,
      0.5468738853168316
    ],
    [
      2.2558516195768035,
      2.187738161658833,
      -0.001300308816141319
    ],
    [
      1.4444495767609586,
      -1.6960558214745616,
      0.07406129274281466
    ],
    [
      2.4094640879686255,
      -1.7957728787909448,
      0.862632862924923
    ],
    [
      2.0473748294346907,
      0.0095284883927041,
      -0.226541421491106
    ],
    [
      2.056025779072072,
      0.6859509108413169,
      0.920677424667349
    ],
    [
      0.08874333123256997,
      2.0641392781029166,
      -1.8776196880795748
    ]
  ],
  "tvecs": [
    [
      0.0,
      0.0,
      0.0
    ],
    [
      -0.006380092669516413,
      0.013545971932800526,
      0.009015313035604714
    ],
    [
      -0.014427461299557387,
      -0.0007354645552792672,
      0.008541956226387355
    ],
    [
      -0.027954210689753296,
      -0.013724478378703235,
      0.017831026101175367
    ],
    [
      -0.03733730775724704,
      -0.01571392911866109,
      0.031065262894102646
    ],
    [
      -0.03080281087794793,
      -0.029057068849611425,
      0.02077177013172588
    ],
    [
      0.013462887814881225,
      -0.007876425641274457,
      0.009857671199701481
    ],
    [
      -0.002145760029921297,
      -0.014383520183069792,
      0.008653099296991238
    ],
    [
      -0.014766065162455494,
      -0.027407999821386555,
      0.01767492588855573
    ],
    [
      0.008333614685173633,
      -0.012853331556406934,
      0.02422127146711479
    ],
    [
      -0.01709534421629577,
      -0.037048242472641824,
      0.030226483521826147
    ],
    [
      0.015177124405419245,
      0.002340647231806653,
      0.02410673389316368
    ],
    [
      -0.005145343432743869,
      -0.02603547420463196,
      0.03236237663971137
    ],
    [
      -0.014767522741642374,
      -0.02788829809340003,
      0.0455727760105436
    ],
    [
      0.0015204304415841097,
      0.0020475822804456997,
      0.033555310508889956
    ],
    [
      -0.01253156638607959,
      -0.012239399757040925,
      0.0431549752025473
    ],
    [
      -0.028298850837021564,
      -0.014875600558570429,
      0.04565297357677034
    ],
    [
      0.0028463835335439678,
      0.0148100336425417,
      0.024303954124696506
    ],
    [
      -0.012831279327705131,
      0.007863574616848381,
      0.023937296078134194
    ],
    [
      -0.025666871757091075,
      -0.004566790602312449,
      0.03316740147536853
    ]
  ],
  "dimensions": [
    0.012,
    0.012,
    0.012,
    0.012,
    0.012,
    0.012,
    0.012,
    0.012,
    0.012,
    0.012,
    0.012,
    0.012,
    0.012,
    0.012,
    0.012,
    0.012,
    0.012,
    0.012,
    0.012,
    0.012
  ],
  "label": null
}