{
  "ids": [
    1,
    4,
    7,
    16,
    17,
    20,
    2,
    8,
    11,
    15,
    18,
    3,
    10,
    19,
    14,
    13,
    9,
    5,
    6,
    12
  ],
  "rvecs": [
    [
      0.0,
      0.0,
      0.0
    ],
    [
      0.03448850038832888,
      1.3431989025965527,
      -1.9246830926105434
    ],
    [
      -0.9838286148342376,
      0.7256742123458181,
      -1.4159990675300607
    ],
    [
      0.4114158034768637,
      0.37640213174439996,
      -0.23797187129451264
    ],
    [
      2.095735952629661,
      -0.500348647238082,
      2.273030018095177
    ],
    [
      -0.6424875771157392,
      0.6482300566282637,
      -0.016164916500699195
    ],
    [
      0.9820522957174309,
      -1.0178879855595737,
      -2.193168345907612
    ],
    [
      -0.7390886319469036,
      0.9355166740777799,
      1.2851318545888852
    ],
    [
      -0.02023927748386305,
      -0.594209095710498,
      -1.2120596653732165
    ],
    [
      -2.0411160619012563,
      0.8027731711400414,
      1.007153826579645
    ],
    [
      -0.4831416589340457,
      2.078968918054633,
      2.2722302415547215
    ],
    [
      1.450773662424367,
      -1.5528246394025365,
      -0.7525998913844647
    ],
    [
      -2.0899726475710234,
      0.05585500339484239,
      1.932018836669561
    ],
    [
      -2.6608275962076835,
      0.4247037490796065,
      0.5468738853168312
    ],
    [
      -2.254603693434263,
      -2.1865279155498802,
      0.0012995894916561631
    ],
    [
      1.4444495767609589,
      -1.6960558214745616,
      0.07406129274281463
    ],
    [
      2.409464087968625,
      -1.795772878790957,
      0.8626328629249167
    ],
    [
      2.0473748294346907,
      0.009528488392704143,
      -0.22654142149110607
    ],
    [
      2.0560257790720726,
      0.6859509108413172,
      0.9206774246673493
    ],
    [
      0.08874333123257074,
      2.0641392781029175,
      -1.877619688079576
    ]
  ],
  "tvecs": [
    [
      0.0,
      0.0,
      0.0
    ],
    [
      -0.005454924689763087,
      0.011581690199598958,
      0.00770801557457482
    ],
    [
      -0.012335356072425549,
      -0.0006288159073624537,
      0.007303299549366528
    ],
    [
      -0.02390061116242885,
      -0.011734311684814838,
      0.015245374881127548
    ],
    [
      -0.03192307894012569,
      -0.013435275059894796,
      0.026560534201122494
    ],
    [
      -0.026336139970982105,
      -0.024843545460900847,
      0.017759685887168045
    ],
    [
      0.011510653989054457,
      -0.006734276588638907,
      0.008428224603655152
    ],
    [
      -0.001834606481728682,
      -0.012297786793476172,
      0.0073983259245836075
    ],
    [
      -0.012624859480518214,
      -0.02343360553946875,
      0.015111910533820402
    ],
    [
      0.007125169312716506,
      -0.010989488599084808,
      0.020708980039538083
    ],
    [
      -0.014616373158814741,
      -0.031675930592973876,
      0.025843385008453814
    ],
    [
      0.012976311619154354,
      0.0020012333732725394,
      0.020611051392978343
    ],
    [
      -0.004399224648050808,
      -0.022260107870706137,
      0.02766955536474274
    ],
    [
      -0.012626105698262322,
      -0.02384425645602596,
      0.03896433389262978
    ],
    [
      0.0012999550295706274,
      0.0017506653452372583,
      0.02868950362463692
    ],
    [
      -0.010714382129188111,
      -0.010464582159058733,
      0.03689713487129208
    ],
    [
      -0.024195275542054508,
      -0.012718511307791067,
      0.039032902126153936
    ],
    [
      0.002433633587776862,
      0.012662452155110476,
      0.020779673004925985
    ],
    [
      -0.010970634132066717,
      0.006723289072616532,
      0.02046618350963239
    ],
    [
      -0.02194495592919832,
      -0.003904566924013098,
      0.028357844717165508
    ]
  ],
  "dimensions": [
    0.010259897413389544,
    0.010259897413389544,
    0.010259897413389544,
    0.010259897413389544,
    0.010259897413389544,
    0.010259897413389544,
    0.010259897413389544,
    0.010259897413389544,
    0.010259897413389544,
    0.010259897413389544,
    0.010259897413389544,
    0.010259897413389544,
    0.010259897413389544,
    0.010259897413389544,
    0.010259897413389544,
    0.010259897413389544,
    0.010259897413389544,
    0.010259897413389544,
    0.010259897413389544,
    0.010259897413389544
  ],
  "label": null
}