{
  "ids": [
    3,
    9,
    10,
    13,
    14,
    15,
    19,
    12,
    6,
    4,
    5,
    17,
    16,
    7,
    1,
    20,
    11,
    8,
    18,
    2
  ],
  "rvecs": [
    [
      1.4482799693283945,
      -1.548572714105224,
      -0.7568411820470669
    ],
    [
      2.4094348430841124,
      -1.7968687573747704,
      0.8630762476644475
    ],
    [
      -2.087091155510796,
      0.05538753646561711,
      1.9335579257431084
    ],
    [
      1.4445850289784283,
      -1.695106906090337,
      0.073304158414437
    ],
    [
      -2.2537068345881277,
      -2.1868303353683483,
      0.0019249693385756746
    ],
    [
      -2.0395433073256184,
      0.8028785552760942,
      1.0085910703506982
    ],
    [
      -2.6611019442417128,
      0.4243245287207614,
      0.5478390444456844
    ],
    [
      0.0890883192295589,
      2.063497196359328,
      -1.8790821674203089
    ],
    [
      2.052822921752154,
      0.6867444538037685,
      0.9218380717352671
    ],
    [
      0.033720967813262684,
      1.3433737429637742,
      -1.9251731718331078
    ],
    [
      2.0487418854308532,
      0.011055716996611578,
      -0.2308964151998255
    ],
    [
      2.0944320056933496,
      -0.4992013185891214,
      2.272381469857637
    ],
    [
      0.4108271685333456,
      0.3763150633732357,
      -0.23853497638879118
    ],
    [
      -0.9872526269725878,
      0.7215671763282667,
      -1.4160688482510344
    ],
    [
      0.0,
      0.0,
      0.0
    ],
    [
      -0.642809635477382,
      0.6481284348092706,
      -0.015479591540549979
    ],
    [
      -0.019647328977550615,
      -0.5919606894096368,
      -1.212068583936101
    ],
    [
      -0.7375869435915675,
      0.9358762836030784,
      1.2867590891021736
    ],
    [
      -0.4827533988141197,
      2.079722818554282,
      2.272101166375534
    ],
    [
      0.9809231650956866,
      -1.015108175730684,
      -2.194399461875189
    ]
  ],
  "tvecs": [
    [
      0.012981336452929964,
      0.0020415191028724136,
      0.020603202961910802
    ],
    [
      -0.02416791351993797,
      -0.012686285550502873,
      0.039047397345133635
    ],
    [
      -0.004380209514188139,
      -0.0222241311084521,
      0.02766606088236464
    ],
    [
      -0.010691109951084786,
      -0.010433000103204543,
      0.036900537755178514
    ],
    [
      0.0013095721782191436,
      0.001787152214757609,
      0.028682075761029973
    ],
    [
      0.007138928659518598,
      -0.010953243863021126,
      0.020709671188031853
    ],
    [
      -0.012593255963247861,
      -0.023815478346158492,
      0.038969884610783614
    ],
    [
      -0.021932999852168487,
      -0.0038656034010919804,
      0.0283773867779583
    ],
    [
      -0.010966823246030832,
      0.006746202901737932,
      0.020469268062464584
    ],
    [
      -0.005454669587079218,
      0.011592123079465083,
      0.0076993584706220655
    ],
    [
      0.0024319302508460407,
      0.012692219200789556,
      0.020773379855742916
    ],
    [
      -0.03191442330032428,
      -0.013400902450528045,
      0.026587805389152366
    ],
    [
      -0.02390195208855821,
      -0.011717246347615295,
      0.015268556669822679
    ],
    [
      -0.012328056788665881,
      -0.0006224299292369064,
      0.007313864326566655
    ],
    [
      0.0,
      0.0,
      0.0
    ],
    [
      -0.02633583110455768,
      -0.0248234037091127,
      0.0177973040511622
    ],
    [
      -0.01261169381583431,
      -0.02341266964396879,
      0.015120895614238232
    ],
    [
      -0.00181777248150928,
      -0.012285018147691857,
      0.007407126360261496
    ],
    [
      -0.014600171545726534,
      -0.03164601806937898,
      0.02585042115862549
    ],
    [
      0.011524855456043984,
      -0.006709091375794513,
      0.008427629696981877
    ]
  ],
  "dimensions": [
    0.010263435173443903,
    0.010263435173443903,
    0.010263435173443903,
    0.010263435173443903,
    0.010263435173443903,
    0.010263435173443903,
    0.010263435173443903,
    0.010263435173443903,
    0.010263435173443903,
    0.010263435173443903,
    0.010263435173443903,
    0.010263435173443903,
    0.010263435173443903,
    0.010263435173443903,
    0.010263435173443903,
    0.010263435173443903,
    0.010263435173443903,
    0.010263435173443903,
    0.010263435173443903,
    0.010263435173443903
  ],
  "label": null
}