{
  "ids": [
    1,
    4,
    7,
    16,
    17,
    20,
    2,
    8,
    11,
    15,
    18,
    3,
    10,
    19,
    14,
    13,
    9,
    5,
    6,
    12
  ],
  "rvecs": [
    [
      0.0,
      0.0,
      0.0
    ],
    [
      0.034488500388329325,
      1.343198902596553,
      -1.9246830926105436
    ],
    [
      -0.9838286148342373,
      0.7256742123458179,
      -1.4159990675300604
    ],
    [
      0.4114158034768638,
      0.3764021317444001,
      -0.2379718712945127
    ],
    [
      2.095735952629655,
      -0.5003486472380948,
      2.2730300180951653
    ],
    [
      -0.6424875771157393,
      0.6482300566282639,
      -0.016164916500699223
    ],
    [
      0.982052295717431,
      -1.0178879855595737,
      -2.193168345907612
    ],
    [
      -0.7390886319469034,
      0.9355166740777799,
      1.2851318545888852
    ],
    [
      -0.02023927748386304,
      -0.594209095710498,
      -1.2120596653732167
    ],
    [
      -2.0411160619012563,
      0.8027731711400421,
      1.007153826579645
    ],
    [
      -0.48314165893404776,
      2.0789689180546285,
      2.272230241554718
    ],
    [
      1.4507736624243666,
      -1.5528246394025356,
      -0.7525998913844645
    ],
    [
      -2.0899726475710225,
      0.055855003394842194,
      1.93201883666956
    ],
    [
      -2.6608275962076835,
      0.42470374907960584,
      0.5468738853168316
    ],
    [
      2.2558516195768035,
      2.187738161658833,
      -0.001300308816141319
    ],
    [
      1.4444495767609586,
      -1.6960558214745616,
      0.07406129274281466
    ],
    [
      2.4094640879686255,
      -1.7957728787909448,
      0.862632862924923
    ],
    [
      2.0473748294346907,
      0.0095284883927041,
      -0.226541421491106
    ],
    [
      2.056025779072072,
      0.6859509108413169,
      0.920677424667349
    ],
    [
      0.08874333123256997,
      2.0641392781029166,
      -1.8776196880795748
    ]
  ],
  "tvecs": [
    [
      0.0,
      0.0,
      0.0
    ],
    [
      -0.005454924689763087,
      0.011581690199598958,
      0.00770801557457482
    ],
    [
      -0.012335356072425549,
      -0.0006288159073624537,
      0.007303299549366528
    ],
    [
      -0.02390061116242885,
      -0.011734311684814838,
      0.015245374881127548
    ],
    [
      -0.03192307894012569,
      -0.013435275059894796,
      0.026560534201122494
    ],
    [
      -0.026336139970982105,
      -0.024843545460900847,
      0.017759685887168045
    ],
    [
      0.011510653989054457,
      -0.006734276588638907,
      0.008428224603655152
    ],
    [
      -0.001834606481728682,
      -0.012297786793476172,
      0.0073983259245836075
    ],
    [
      -0.012624859480518214,
      -0.02343360553946875,
      0.015111910533820402
    ],
    [
      0.007125169312716506,
      -0.010989488599084808,
      0.020708980039538083
    ],
    [
      -0.014616373158814741,
      -0.031675930592973876,
      0.025843385008453814
    ],
    [
      0.012976311619154354,
      0.0020012333732725394,
      0.020611051392978343
    ],
    [
      -0.004399224648050808,
      -0.022260107870706137,
      0.02766955536474274
    ],
    [
      -0.012626105698262322,
      -0.02384425645602596,
      0.03896433389262978
    ],
    [
      0.0012999550295706274,
      0.0017506653452372583,
      0.02868950362463692
    ],
    [
      -0.010714382129188111,
      -0.010464582159058733,
      0.03689713487129208
    ],
    [
      -0.024195275542054508,
      -0.012718511307791067,
      0.039032902126153936
    ],
    [
      0.002433633587776862,
      0.012662452155110476,
      0.020779673004925985
    ],
    [
      -0.010970634132066717,
      0.006723289072616532,
      0.02046618350963239
    ],
    [
      -0.02194495592919832,
      -0.003904566924013098,
      0.028357844717165508
    ]
  ],
  "dimensions": [
    0.010259897413389544,
    0.010259897413389544,
    0.010259897413389544,
    0.010259897413389544,
    0.010259897413389544,
    0.010259897413389544,
    0.010259897413389544,
    0.010259897413389544,
    0.010259897413389544,
    0.010259897413389544,
    0.010259897413389544,
    0.010259897413389544,
    0.010259897413389544,
    0.010259897413389544,
    0.010259897413389544,
    0.010259897413389544,
    0.010259897413389544,
    0.010259897413389544,
    0.010259897413389544,
    0.010259897413389544
  ],
  "label": null
}