{
  "ids": [
    94,
    98,
    102,
    105,
    108,
    114,
    109,
    99,
    112,
    96,
    115,
    111,
    95,
    106,
    107,
    110
  ],
  "rvecs": [
    [
      1.0803709079074781,
      -0.3877572171563565,
      0.7299538822918599
    ],
    [
      0.32219217190801963,
      -2.2074505823428456,
      1.0430920416209588
    ],
    [
      1.241281352322095,
      0.363352640946997,
      1.818035787949328
    ],
    [
      1.19886568130671,
      -0.06347616507921978,
      1.3244192262741041
    ],
    [
      0.811725932388656,
      2.2213273302660936,
      -1.323416706522053
    ],
    [
      2.21187348563114,
      0.5950300618981724,
      1.2546068175540372
    ],
    [
      1.1773825196555971,
      0.8523417579421214,
      2.3165445427838036
    ],
    [
      -0.9293705904198917,
      -1.2410952304697158,
      -2.523900745772172
    ],
    [
      -1.0747386111438955,
      0.395477670774843,
      0.7754915013840766
    ],
    [
      -0.06819530995692308,
      -1.227919597429755,
      -1.4394604109923923
    ],
    [
      -1.556636844904869,
      -2.0601510324079686,
      -1.6100886181377851
    ],
    [
      0.2790920645665381,
      -1.126854727871356,
      -0.8770547607908025
    ],
    [
      0.6031717331755782,
      -0.9489380501782192,
      -0.3293949427938926
    ],
    [
      -0.43863662349334837,
      -2.0870343917338436,
      0.7287318218287935
    ],
    [
      -1.8315928208785441,
      -0.933600892484623,
      -0.5118470927304878
    ],
    [
      0.89080898088895,
      -0.6849430755485838,
      0.18768490604047744
    ]
  ],
  "tvecs": [
    [
      -0.001326018478267083,
      0.012284634155047665,
      -0.028743237858193913
    ],
    [
      0.00664301521559912,
      0.010299536873518617,
      -0.016411820730293188
    ],
    [
      -0.013103601524580566,
      0.002864980292091278,
      -0.028632316100989593
    ],
    [
      -0.009190904656681058,
      0.009088291752792445,
      -4.049804260934653e-07
    ],
    [
      -0.0016633959989584553,
      0.011918580406514754,
      0.012385861771437648
    ],
    [
      -0.013884129874181333,
      0.0021290560357078124,
      0.011873884221256565
    ],
    [
      -0.0130796563035504,
      -0.006097473039807913,
      9.692313137111283e-05
    ],
    [
      -0.00756298617653419,
      -0.011659203358300074,
      -0.028710946296710685
    ],
    [
      0.0,
      -0.013786022915678327,
      0.0
    ],
    [
      0.0076779019523072235,
      -0.010888206603454065,
      -0.028469776567930663
    ],
    [
      -0.008173899101449738,
      -0.011939633965568259,
      0.01188555390846802
    ],
    [
      0.011854339676091544,
      -0.004207808402383462,
      0.00014464387148601255
    ],
    [
      0.01164971110236427,
      0.00427129797964473,
      -0.028669306963403408
    ],
    [
      0.011238309480113626,
      0.004067598771947668,
      0.012384868054321818
    ],
    [
      0.0006019860982185762,
      -0.013513473988803544,
      -0.01622947187223277
    ],
    [
      0.006220669293076868,
      0.010162212889313064,
      0.00020421229297287388
    ]
  ],
  "dimensions": [
    0.01028749162958764,
    0.01028749162958764,
    0.01028749162958764,
    0.01028749162958764,
    0.01028749162958764,
    0.01028749162958764,
    0.01028749162958764,
    0.01028749162958764,
    0.01028749162958764,
    0.01028749162958764,
    0.01028749162958764,
    0.01028749162958764,
    0.01028749162958764,
    0.01028749162958764,
    0.01028749162958764,
    0.01028749162958764
  ],
  "label": null
}