{
  "ids": [
    94,
    98,
    102,
    105,
    108,
    114,
    109,
    99,
    112,
    96,
    115,
    111,
    95,
    106,
    107,
    110
  ],
  "rvecs": [
    [
      1.080370907907478,
      -0.3877572171563565,
      0.7299538822918599
    ],
    [
      0.32219217190801935,
      -2.2074505823428456,
      1.0430920416209593
    ],
    [
      1.2412813523220945,
      0.36335264094699676,
      1.8180357879493274
    ],
    [
      1.1988656813067098,
      -0.06347616507921987,
      1.3244192262741041
    ],
    [
      0.8117259323886559,
      2.221327330266093,
      -1.3234167065220521
    ],
    [
      2.2118734856311395,
      0.5950300618981726,
      1.2546068175540368
    ],
    [
      1.177382519655597,
      0.852341757942121,
      2.3165445427838036
    ],
    [
      -0.9293705904198932,
      -1.2410952304697158,
      -2.5239007457721723
    ],
    [
      -1.0747386111438955,
      0.39547767077484314,
      0.7754915013840766
    ],
    [
      -0.068195309956923,
      -1.227919597429755,
      -1.4394604109923925
    ],
    [
      -1.5566368449048722,
      -2.0601510324079686,
      -1.6100886181377851
    ],
    [
      0.27909206456653807,
      -1.1268547278713559,
      -0.8770547607908024
    ],
    [
      0.6031717331755783,
      -0.9489380501782192,
      -0.32939494279389264
    ],
    [
      -0.4386366234933478,
      -2.087034391733843,
      0.7287318218287934
    ],
    [
      -1.8315928208785441,
      -0.9336008924846227,
      -0.5118470927304879
    ],
    [
      0.8908089808889501,
      -0.6849430755485838,
      0.18768490604047744
    ]
  ],
  "tvecs": [
    [
      0.0013810432280538022,
      0.014958661355370816,
      -0.17995809112756073
    ],
    [
      0.009350076921920004,
      0.012973564073841768,
      -0.16762667399966
    ],
    [
      -0.01039653981825968,
      0.005539007492414429,
      -0.1798471693703564
    ],
    [
      -0.006483842950360173,
      0.011762318953115596,
      -0.1512152582497929
    ],
    [
      0.00104366570736243,
      0.014592607606837905,
      -0.13882899149792916
    ],
    [
      -0.011177068167860448,
      0.0048030832360309635,
      -0.13934096904811025
    ],
    [
      -0.010372594597229515,
      -0.0034234458394847614,
      -0.1511179301379957
    ],
    [
      -0.004855924470213305,
      -0.008985176157976922,
      -0.17992579956607752
    ],
    [
      0.002707061706320885,
      -0.011111995715355176,
      -0.15121485326936682
    ],
    [
      0.01038496365862811,
      -0.008214179403130914,
      -0.1796846298372975
    ],
    [
      -0.005466837395128852,
      -0.009265606765245108,
      -0.1393292993608988
    ],
    [
      0.01456140138241243,
      -0.0015337812020603104,
      -0.1510702093978808
    ],
    [
      0.014356772808685156,
      0.006945325179967881,
      -0.17988416023277023
    ],
    [
      0.013945371186434512,
      0.006741625972270819,
      -0.138829985215045
    ],
    [
      0.0033090478045394614,
      -0.010839446788480393,
      -0.1674443251415996
    ],
    [
      0.008927730999397754,
      0.012836240089636216,
      -0.15101064097639394
    ]
  ],
  "dimensions": [
    0.01028749162958764,
    0.01028749162958764,
    0.01028749162958764,
    0.01028749162958764,
    0.01028749162958764,
    0.01028749162958764,
    0.01028749162958764,
    0.01028749162958764,
    0.01028749162958764,
    0.01028749162958764,
    0.01028749162958764,
    0.01028749162958764,
    0.01028749162958764,
    0.01028749162958764,
    0.01028749162958764,
    0.01028749162958764
  ],
  "label": null
}