{
  "ids": [
    94,
    98,
    102,
    105,
    108,
    114,
    109,
    99,
    112,
    96,
    115,
    111,
    95,
    106,
    107,
    110
  ],
  "rvecs": [
    [
      1.600965618132485,
      -1.554564693290827,
      -0.039279765056496115
    ],
    [
      -0.3243041318683373,
      -2.6892902425370977,
      -0.5858452361057287
    ],
    [
      1.3323413227732632,
      -1.299750280565133,
      1.4562528259093372
    ],
    [
      1.4952464905259706,
      -1.522141690511413,
      0.7563236594107657
    ],
    [
      -2.207410448350591,
      -2.2222012904834263,
      -0.019233556804447424
    ],
    [
      2.363249192666102,
      -1.2558732061793865,
      1.6356306069824962
    ],
    [
      1.016529490759829,
      -0.9656612157145897,
      2.1112499038761054
    ],
    [
      0.546316018222181,
      -0.5570315194754348,
      2.7192898263963188
    ],
    [
      0.0,
      0.0,
      0.0
    ],
    [
      0.5505119842032413,
      -0.563042097934283,
      -2.733185808193452
    ],
    [
      1.5951310633944595,
      0.2643144025865066,
      2.644183744628107
    ],
    [
      0.9605208112778352,
      -1.0211984123489883,
      -2.171575704765845
    ],
    [
      1.2877680396130968,
      -1.3423932488027301,
      -1.5124131963699374
    ],
    [
      -0.7051430746291991,
      -2.0638022747107025,
      -0.9625157487711334
    ],
    [
      -1.0111621954822752,
      -0.026101769845527277,
      -1.5388061275905474
    ],
    [
      1.5343471387170726,
      -1.5045377060250795,
      -0.796008873518625
    ]
  ],
  "tvecs": [
    [
      0.02701158404251001,
      0.025764444440558896,
      0.010685454499485976
    ],
    [
      0.023843814821815773,
      0.011625979231000685,
      0.013780450023865059
    ],
    [
      0.015472039012970284,
      0.03192603206492086,
      0.00318029737884715
    ],
    [
      0.002237223943659349,
      0.012514586403094101,
      0.021120770731908375
    ],
    [
      0.0005176513279372052,
      -0.00011661882199124706,
      0.02857659054496973
    ],
    [
      -0.011063416471831821,
      0.006669844762222295,
      0.020497851441320637
    ],
    [
      -0.006080977885944491,
      0.011453799100410101,
      0.007876090173699531
    ],
    [
      0.013901534177640291,
      0.024245724051943255,
      -0.0102436698157261
    ],
    [
      0.0,
      0.0,
      0.0
    ],
    [
      0.024363657804624624,
      0.013138235854725663,
      -0.01056762189905017
    ],
    [
      -0.012407737718513813,
      -0.0010764084195437123,
      0.007508499184908649
    ],
    [
      0.011487892897663873,
      -0.006339379653445833,
      0.0077542934332980925
    ],
    [
      0.03279336505117134,
      0.014196307363614815,
      0.0026022748328070134
    ],
    [
      0.0063569523572911514,
      -0.011542074376886787,
      0.020610823366963925
    ],
    [
      0.01081965756670867,
      0.009902042632584448,
      -0.006979755674321816
    ],
    [
      0.012950377493691222,
      0.0013820476136682395,
      0.021038871035546376
    ]
  ],
  "dimensions": [
    0.01028749162958764,
    0.01028749162958764,
    0.01028749162958764,
    0.01028749162958764,
    0.01028749162958764,
    0.01028749162958764,
    0.01028749162958764,
    0.01028749162958764,
    0.01028749162958764,
    0.01028749162958764,
    0.01028749162958764,
    0.01028749162958764,
    0.01028749162958764,
    0.01028749162958764,
    0.01028749162958764,
    0.01028749162958764
  ],
  "label": null
}