{
  "ids": [
    94,
    98,
    102,
    105,
    108,
    114,
    109,
    99,
    112,
    96,
    115,
    111,
    95,
    106,
    107,
    110
  ],
  "rvecs": [
    [
      1.600965618132485,
      -1.554564693290827,
      -0.039279765056496115
    ],
    [
      -0.3243041318683373,
      -2.6892902425370977,
      -0.5858452361057287
    ],
    [
      1.3323413227732632,
      -1.299750280565133,
      1.4562528259093372
    ],
    [
      1.4952464905259706,
      -1.522141690511413,
      0.7563236594107657
    ],
    [
      -2.207410448350591,
      -2.2222012904834263,
      -0.019233556804447424
    ],
    [
      2.363249192666102,
      -1.2558732061793865,
      1.6356306069824962
    ],
    [
      1.016529490759829,
      -0.9656612157145897,
      2.1112499038761054
    ],
    [
      0.546316018222181,
      -0.5570315194754348,
      2.7192898263963188
    ],
    [
      0.0,
      0.0,
      0.0
    ],
    [
      0.5505119842032413,
      -0.563042097934283,
      -2.733185808193452
    ],
    [
      1.5951310633944595,
      0.2643144025865066,
      2.644183744628107
    ],
    [
      0.9605208112778352,
      -1.0211984123489883,
      -2.171575704765845
    ],
    [
      1.2877680396130968,
      -1.3423932488027301,
      -1.5124131963699374
    ],
    [
      -0.7051430746291991,
      -2.0638022747107025,
      -0.9625157487711334
    ],
    [
      -1.0111621954822752,
      -0.026101769845527277,
      -1.5388061275905474
    ],
    [
      1.5343471387170726,
      -1.5045377060250795,
      -0.796008873518625
    ]
  ],
  "tvecs": [
    [
      0.026256725171782944,
      0.025044437816559982,
      0.010386841500559537
    ],
    [
      0.023177481625587987,
      0.011301082566680734,
      0.013395345065682868
    ],
    [
      0.015039661338310572,
      0.031033835277298374,
      0.0030914215956204167
    ],
    [
      0.0021747030512519845,
      0.012164856948316887,
      0.02053053503456894
    ],
    [
      0.0005031851753331192,
      -0.00011335982199571575,
      0.027777996399803814
    ],
    [
      -0.010754241043572333,
      0.006483450973645795,
      0.019925023688347115
    ],
    [
      -0.005911040421607846,
      0.01113371413831149,
      0.007655986957060819
    ],
    [
      0.013513045432434064,
      0.023568159202395494,
      -0.009957402819424413
    ],
    [
      0.0,
      0.0,
      0.0
    ],
    [
      0.023682797208362062,
      0.012771078050687359,
      -0.010272301820063556
    ],
    [
      -0.012060994229952205,
      -0.0010463273830987883,
      0.007298668572729247
    ],
    [
      0.011166855158961961,
      -0.006162220958910213,
      0.007537593917448381
    ],
    [
      0.03187692999608868,
      0.01379958096178189,
      0.0025295523209201603
    ],
    [
      0.006179302580434723,
      -0.01121952249632055,
      0.02003483852923444
    ],
    [
      0.010517294162933245,
      0.009625322662820342,
      -0.006784701194067062
    ],
    [
      0.012588469531722303,
      0.001343425261891209,
      0.020450924086331132
    ]
  ],
  "dimensions": [
    0.01,
    0.01,
    0.01,
    0.01,
    0.01,
    0.01,
    0.01,
    0.01,
    0.01,
    0.01,
    0.01,
    0.01,
    0.01,
    0.01,
    0.01,
    0.01
  ],
  "label": null
}