{
  "ids": [
    94,
    98,
    102,
    105,
    108,
    114,
    109,
    99,
    112,
    96,
    115,
    111,
    95,
    106,
    107,
    110
  ],
  "rvecs": [
    [
      1.0803709079074777,
      -0.3877572171563565,
      0.7299538822918599
    ],
    [
      0.3221921719080196,
      -2.207450582342846,
      1.0430920416209593
    ],
    [
      1.2412813523220945,
      0.36335264094699693,
      1.8180357879493276
    ],
    [
      1.1988656813067098,
      -0.06347616507921987,
      1.3244192262741041
    ],
    [
      0.8117259323886559,
      2.221327330266093,
      -1.3234167065220515
    ],
    [
      2.2118734856311395,
      0.5950300618981729,
      1.2546068175540366
    ],
    [
      1.1773825196555971,
      0.852341757942122,
      2.3165445427838036
    ],
    [
      -0.9293705904198916,
      -1.2410952304697165,
      -2.523900745772172
    ],
    [
      -1.0747386111438955,
      0.39547767077484314,
      0.7754915013840766
    ],
    [
      -0.0681953099569231,
      -1.227919597429755,
      -1.4394604109923927
    ],
    [
      -1.556636844904871,
      -2.0601510324079686,
      -1.6100886181377865
    ],
    [
      0.279092064566538,
      -1.1268547278713557,
      -0.8770547607908022
    ],
    [
      0.6031717331755783,
      -0.9489380501782192,
      -0.32939494279389275
    ],
    [
      -0.4386366234933478,
      -2.087034391733843,
      0.7287318218287935
    ],
    [
      -1.8315928208785441,
      -0.9336008924846226,
      -0.5118470927304878
    ],
    [
      0.8908089808889501,
      -0.6849430755485838,
      0.18768490604047744
    ]
  ],
  "tvecs": [
    [
      0.0013810432280538022,
      0.014958661355370816,
      -0.18045809112756073
    ],
    [
      0.009350076921920004,
      0.012973564073841768,
      -0.16812667399966
    ],
    [
      -0.01039653981825968,
      0.005539007492414429,
      -0.1803471693703564
    ],
    [
      -0.006483842950360173,
      0.011762318953115596,
      -0.1517152582497929
    ],
    [
      0.00104366570736243,
      0.014592607606837905,
      -0.13932899149792916
    ],
    [
      -0.011177068167860448,
      0.0048030832360309635,
      -0.13984096904811025
    ],
    [
      -0.010372594597229515,
      -0.0034234458394847614,
      -0.1516179301379957
    ],
    [
      -0.004855924470213305,
      -0.008985176157976922,
      -0.18042579956607752
    ],
    [
      0.002707061706320885,
      -0.011111995715355176,
      -0.15171485326936682
    ],
    [
      0.01038496365862811,
      -0.008214179403130914,
      -0.1801846298372975
    ],
    [
      -0.005466837395128852,
      -0.009265606765245108,
      -0.1398292993608988
    ],
    [
      0.01456140138241243,
      -0.0015337812020603104,
      -0.1515702093978808
    ],
    [
      0.014356772808685156,
      0.006945325179967881,
      -0.18038416023277024
    ],
    [
      0.013945371186434512,
      0.006741625972270819,
      -0.139329985215045
    ],
    [
      0.0033090478045394614,
      -0.010839446788480393,
      -0.1679443251415996
    ],
    [
      0.008927730999397754,
      0.012836240089636216,
      -0.15151064097639394
    ]
  ],
  "dimensions": [
    0.01028749162958764,
    0.01028749162958764,
    0.01028749162958764,
    0.01028749162958764,
    0.01028749162958764,
    0.01028749162958764,
    0.01028749162958764,
    0.01028749162958764,
    0.01028749162958764,
    0.01028749162958764,
    0.01028749162958764,
    0.01028749162958764,
    0.01028749162958764,
    0.01028749162958764,
    0.01028749162958764,
    0.01028749162958764
  ],
  "label": null
}