{
  "ids": [
    74,
    81,
    88,
    89,
    82,
    75,
    76,
    83,
    90,
    87,
    77,
    79,
    85,
    78,
    84,
    91,
    73,
    92,
    80,
    86,
    93
  ],
  "rvecs": [
    [
      0.8224402999590994,
      -0.7480747754146754,
      0.43882669940603297
    ],
    [
      2.0084351351540954,
      -0.8115157919460033,
      -0.9113854315886335
    ],
    [
      -2.090411581546941,
      -0.47427314902811996,
      2.256482195263166
    ],
    [
      2.6833429369226884,
      -0.3811896871683042,
      -0.5620538976210963
    ],
    [
      -3.1220649172569166,
      0.23417556407756077,
      -0.003295893506030066
    ],
    [
      1.5918941284049168,
      -1.5753678646498703,
      1.1039609220233637
    ],
    [
      -1.589529209989646,
      1.6077556651072593,
      -1.1399406364616638
    ],
    [
      0.012982840658215375,
      2.3593279456972955,
      -0.8334153860897526
    ],
    [
      -2.675057359972349,
      -0.23940909790499235,
      -0.5228026285905436
    ],
    [
      1.149167022923383,
      -1.2278376539662637,
      0.8667046023017617
    ],
    [
      -0.7896251302018985,
      0.7955059988437558,
      -0.5919655564898922
    ],
    [
      0.20427743797664807,
      -1.6270262647128193,
      -2.6556802026513067
    ],
    [
      0.5618328468030784,
      0.5599890752727033,
      2.718659546234597
    ],
    [
      -1.3177270493492435,
      -2.29453554940737,
      -1.6296340527360096
    ],
    [
      -1.2219714943693978,
      1.177263027422763,
      -0.8976561621810407
    ],
    [
      -1.4336850721608618,
      -0.8260930000311467,
      -1.2141272596577646
    ],
    [
      0.0,
      0.0,
      0.0
    ],
    [
      -0.6986256197701608,
      -0.6121177413625429,
      0.08651026589265134
    ],
    [
      1.6084281919907828,
      -0.31919733140269946,
      -2.6567486255289237
    ],
    [
      -0.04376828881310788,
      -0.6494682273283073,
      1.8897426777445998
    ],
    [
      -2.0123532544126506,
      -0.564903506518572,
      0.6033296948153076
    ]
  ],
  "tvecs": [
    [
      0.008353002185060054,
      0.015772443926926973,
      0.010591390113391032
    ],
    [
      0.01376619182721267,
      0.010139398850004708,
      0.026470589063733386
    ],
    [
      0.03971925072992073,
      -0.016888914940063584,
      0.033412052641193464
    ],
    [
      0.029638352478129334,
      -0.014956723446487451,
      0.05002476683541255
    ],
    [
      -0.001933244575364041,
      0.0021826699176252374,
      0.03672055246684905
    ],
    [
      -0.0018927014016767757,
      0.017690778433451727,
      0.027469233594101014
    ],
    [
      -0.016601477345831363,
      0.003919987129554167,
      0.027207783762148805
    ],
    [
      0.012233771903917846,
      -0.012048112916571305,
      0.04671996928939339
    ],
    [
      0.014452758863831378,
      -0.029091520574712818,
      0.04997233318251184
    ],
    [
      0.02784438837316772,
      -0.0044529136115068445,
      0.03590371760380052
    ],
    [
      -0.01516219068894424,
      -0.006231276021548989,
      0.009838006487669627
    ],
    [
      0.0012872176577749315,
      -0.014482310446376994,
      0.009361779898571562
    ],
    [
      0.014302880973812434,
      -0.028574414841556303,
      0.019150531159630214
    ],
    [
      -0.009251900126799358,
      -0.012923547589362728,
      0.026200007737279648
    ],
    [
      0.004236875151693112,
      -0.02753714937170243,
      0.03597997593795793
    ],
    [
      0.01687576987030213,
      -0.03980510448812056,
      0.03296381919190407
    ],
    [
      0.0,
      0.0,
      0.0
    ],
    [
      0.031739899069448504,
      -0.031911813942544796,
      0.022507343205324475
    ],
    [
      0.015200846022123727,
      7.029072017241974e-05,
      0.008987914158952096
    ],
    [
      0.028622402084926692,
      -0.014889104234514425,
      0.019083016450882607
    ],
    [
      0.033803696127212,
      -0.033945568404434176,
      0.04205822228786184
    ]
  ],
  "dimensions": [
    0.012,
    0.012,
    0.012,
    0.012,
    0.012,
    0.012,
    0.012,
    0.012,
    0.012,
    0.012,
    0.012,
    0.012,
    0.012,
    0.012,
    0.012,
    0.012,
    0.012,
    0.012,
    0.012,
    0.012,
    0.012
  ],
  "label": null
}