{
  "ids": [
    74,
    81,
    88,
    89,
    82,
    75,
    76,
    83,
    90,
    87,
    77,
    79,
    85,
    78,
    84,
    91,
    73,
    92,
    80,
    86,
    93
  ],
  "rvecs": [
    [
      -1.2497199327558313,
      -2.437124451186393,
      0.24735997295183382
    ],
    [
      -0.7985978201222127,
      2.628968335144276,
      -1.2625133705658786
    ],
    [
      -2.6251723995867096,
      1.439337855999138,
      -0.7948048593183756
    ],
    [
      0.9679196881879242,
      -1.9745835521994,
      1.8221551606214295
    ],
    [
      0.7628120168691266,
      -1.3125789691834655,
      2.1923978419008194
    ],
    [
      -1.5828791939428994,
      -1.8393628703155658,
      1.9754755785624638
    ],
    [
      0.9466543897482522,
      0.2965465530025544,
      -2.57626204847179
    ],
    [
      1.2879564514339827,
      -0.13594053752839846,
      -1.145866268290685
    ],
    [
      0.6483121117363162,
      -0.5199666507327321,
      2.2279057373610236
    ],
    [
      -1.6337922553800122,
      -2.1871969028453133,
      1.14268895906667
    ],
    [
      0.08660454469900122,
      -1.1155054462305884,
      -2.2621509272353943
    ],
    [
      -0.9480537427522315,
      0.9794800905789078,
      0.142779049316663
    ],
    [
      -1.4075268068272415,
      0.2927567451779808,
      0.714121161104175
    ],
    [
      0.1445222335895979,
      0.416016826357889,
      0.578423172966084
    ],
    [
      0.5379289975852711,
      -0.44144171492148115,
      -2.5665807860976226
    ],
    [
      0.2537120143482904,
      0.9225691015513027,
      1.8240017642205444
    ],
    [
      -0.7790123125900978,
      -2.0479878193646464,
      -1.2155655562158594
    ],
    [
      1.6566468775329957,
      1.9056343013971926,
      1.765994514218599
    ],
    [
      -2.0318972849333026,
      1.3908586386704105,
      -0.42035596208742515
    ],
    [
      -2.391191052977102,
      -0.6893112540774823,
      0.1731007755840156
    ],
    [
      1.9687465739290795,
      -0.049968248962117365,
      2.0128329876992135
    ]
  ],
  "tvecs": [
    [
      0.004430653840540479,
      0.07390460696406972,
      -0.07537999956069755
    ],
    [
      -0.0070281999780104866,
      0.08739945052202142,
      -0.08050608499446159
    ],
    [
      -0.046618799232422854,
      0.08722853117428145,
      -0.07772014533196524
    ],
    [
      -0.042189540406718865,
      0.10181935249233594,
      -0.09117782703809561
    ],
    [
      -0.005188217037293272,
      0.0908992686370685,
      -0.10134654455016823
    ],
    [
      0.0088984205189452,
      0.08870893258146918,
      -0.08908026099016741
    ],
    [
      0.007901487732149236,
      0.08010316979536723,
      -0.10819489629853758
    ],
    [
      -0.027771801934497378,
      0.09684621656354678,
      -0.10199354777176159
    ],
    [
      -0.04320301020247346,
      0.09317290816020368,
      -0.11095259377703466
    ],
    [
      -0.02970886515418672,
      0.09264881757539684,
      -0.08119899960080904
    ],
    [
      0.0029205705142148087,
      0.0598369640729799,
      -0.10579964577748664
    ],
    [
      -0.014184895073759687,
      0.0588654194313609,
      -0.09719530680107405
    ],
    [
      -0.03585826161033881,
      0.06446840475261008,
      -0.09859064978841346
    ],
    [
      -0.009795369216923469,
      0.07343039176530111,
      -0.11131018365874834
    ],
    [
      -0.03218278592750965,
      0.07889138532079454,
      -0.11261711554084197
    ],
    [
      -0.04934699560852132,
      0.07318520353509622,
      -0.10823505969780561
    ],
    [
      6.846699001122758e-18,
      0.055907540083309705,
      -0.08650000000000001
    ],
    [
      -0.050642258548343234,
      0.0693170277661491,
      -0.08800698493025862
    ],
    [
      -0.011917124332334978,
      0.06706088906681429,
      -0.0780244007534784
    ],
    [
      -0.034599289622650915,
      0.07266099327329091,
      -0.07970022643791097
    ],
    [
      -0.05791956610440547,
      0.08716213383075969,
      -0.09523825586101622
    ]
  ],
  "dimensions": [
    0.012497568773117439,
    0.012497568773117439,
    0.012497568773117439,
    0.012497568773117439,
    0.012497568773117439,
    0.012497568773117439,
    0.012497568773117439,
    0.012497568773117439,
    0.012497568773117439,
    0.012497568773117439,
    0.012497568773117439,
    0.012497568773117439,
    0.012497568773117439,
    0.012497568773117439,
    0.012497568773117439,
    0.012497568773117439,
    0.012497568773117439,
    0.012497568773117439,
    0.012497568773117439,
    0.012497568773117439,
    0.012497568773117439
  ],
  "label": null
}