{
  "ids": [
    74,
    81,
    88,
    89,
    82,
    75,
    76,
    83,
    90,
    87,
    77,
    79,
    85,
    78,
    84,
    91,
    73,
    92,
    80,
    86,
    93
  ],
  "rvecs": [
    [
      0.8224402999590994,
      -0.7480747754146754,
      0.43882669940603297
    ],
    [
      2.0084351351540954,
      -0.8115157919460033,
      -0.9113854315886335
    ],
    [
      -2.090411581546941,
      -0.47427314902811996,
      2.256482195263166
    ],
    [
      2.6833429369226884,
      -0.3811896871683042,
      -0.5620538976210963
    ],
    [
      -3.1220649172569166,
      0.23417556407756077,
      -0.003295893506030066
    ],
    [
      1.5918941284049168,
      -1.5753678646498703,
      1.1039609220233637
    ],
    [
      -1.589529209989646,
      1.6077556651072593,
      -1.1399406364616638
    ],
    [
      0.012982840658215375,
      2.3593279456972955,
      -0.8334153860897526
    ],
    [
      -2.675057359972349,
      -0.23940909790499235,
      -0.5228026285905436
    ],
    [
      1.149167022923383,
      -1.2278376539662637,
      0.8667046023017617
    ],
    [
      -0.7896251302018985,
      0.7955059988437558,
      -0.5919655564898922
    ],
    [
      0.20427743797664807,
      -1.6270262647128193,
      -2.6556802026513067
    ],
    [
      0.5618328468030784,
      0.5599890752727033,
      2.718659546234597
    ],
    [
      -1.3177270493492435,
      -2.29453554940737,
      -1.6296340527360096
    ],
    [
      -1.2219714943693978,
      1.177263027422763,
      -0.8976561621810407
    ],
    [
      -1.4336850721608618,
      -0.8260930000311467,
      -1.2141272596577646
    ],
    [
      0.0,
      0.0,
      0.0
    ],
    [
      -0.6986256197701608,
      -0.6121177413625429,
      0.08651026589265134
    ],
    [
      1.6084281919907828,
      -0.31919733140269946,
      -2.6567486255289237
    ],
    [
      -0.04376828881310788,
      -0.6494682273283073,
      1.8897426777445998
    ],
    [
      -2.0123532544126506,
      -0.564903506518572,
      0.6033296948153076
    ]
  ],
  "tvecs": [
    [
      0.008699351605815689,
      0.016426433558075694,
      0.011030552195418377
    ],
    [
      0.01433699409204313,
      0.010559819537166809,
      0.027568167274078195
    ],
    [
      0.04136617230115661,
      -0.017589197997231267,
      0.03479745214452796
    ],
    [
      0.03086727903477642,
      -0.01557688999108125,
      0.0520989969903944
    ],
    [
      -0.0020134047529890265,
      0.0022731722837113317,
      0.038243135820109436
    ],
    [
      -0.00197118049453594,
      0.01842431001017048,
      0.028608219665592113
    ],
    [
      -0.01728984207207322,
      0.004082525728444868,
      0.028335929060963553
    ],
    [
      0.01274103381032043,
      -0.0125476766467612,
      0.048657169106010714
    ],
    [
      0.015052028988501274,
      -0.030297773258086202,
      0.052044389225131694
    ],
    [
      0.02899892988658793,
      -0.004637549508379795,
      0.03739243166367369
    ],
    [
      -0.015790876740516793,
      -0.00648965005196551,
      0.010245930222502225
    ],
    [
      0.0013405909336677796,
      -0.015082805899769467,
      0.009749957343432208
    ],
    [
      0.014895936551994485,
      -0.029759226219494794,
      0.01994459001743392
    ],
    [
      -0.009635521509724077,
      -0.013459410399226398,
      0.027286366546071784
    ],
    [
      0.004412553215949754,
      -0.028678951507371566,
      0.037471851978311654
    ],
    [
      0.017575507879450336,
      -0.04145558590511769,
      0.03433063311461913
    ],
    [
      0.0,
      0.0,
      0.0
    ],
    [
      0.03305596428935324,
      -0.033235007451823464,
      0.023440589134058342
    ],
    [
      0.015831134880921662,
      7.320525912223074e-05,
      0.009360589610698317
    ],
    [
      0.029809203209015943,
      -0.01550646701174651,
      0.01987427587445307
    ],
    [
      0.035205334761282965,
      -0.03535308963974821,
      0.04380212712646783
    ]
  ],
  "dimensions": [
    0.012497568773117439,
    0.012497568773117439,
    0.012497568773117439,
    0.012497568773117439,
    0.012497568773117439,
    0.012497568773117439,
    0.012497568773117439,
    0.012497568773117439,
    0.012497568773117439,
    0.012497568773117439,
    0.012497568773117439,
    0.012497568773117439,
    0.012497568773117439,
    0.012497568773117439,
    0.012497568773117439,
    0.012497568773117439,
    0.012497568773117439,
    0.012497568773117439,
    0.012497568773117439,
    0.012497568773117439,
    0.012497568773117439
  ],
  "label": null
}