{
  "ids": [
    74,
    81,
    88,
    89,
    82,
    75,
    76,
    83,
    90,
    87,
    77,
    79,
    85,
    78,
    84,
    91,
    73,
    92,
    80,
    86,
    93
  ],
  "rvecs": [
    [
      -1.249719932755831,
      -2.4371244511863925,
      0.24735997295183346
    ],
    [
      -0.7985978201222158,
      2.6289683351442767,
      -1.2625133705658786
    ],
    [
      -2.6251723995867113,
      1.43933785599914,
      -0.7948048593183744
    ],
    [
      0.9679196881879248,
      -1.9745835521993997,
      1.8221551606214283
    ],
    [
      0.7628120168691264,
      -1.312578969183465,
      2.1923978419008185
    ],
    [
      -1.582879193942904,
      -1.8393628703155644,
      1.975475578562476
    ],
    [
      0.9466543897482522,
      0.2965465530025545,
      -2.5762620484717895
    ],
    [
      1.2879564514339827,
      -0.13594053752839844,
      -1.1458662682906853
    ],
    [
      0.6483121117363168,
      -0.5199666507327317,
      2.2279057373610236
    ],
    [
      -1.633792255380013,
      -2.1871969028453133,
      1.1426889590666696
    ],
    [
      0.08660454469900097,
      -1.1155054462305884,
      -2.2621509272353943
    ],
    [
      -0.9480537427522316,
      0.9794800905789076,
      0.14277904931666305
    ],
    [
      -1.4075268068272413,
      0.29275674517798067,
      0.7141211611041749
    ],
    [
      0.1445222335895979,
      0.416016826357889,
      0.578423172966084
    ],
    [
      0.5379289975852707,
      -0.4414417149214816,
      -2.5665807860976226
    ],
    [
      0.2537120143482903,
      0.9225691015513028,
      1.8240017642205448
    ],
    [
      -0.7790123125900981,
      -2.047987819364647,
      -1.2155655562158594
    ],
    [
      1.6566468775329939,
      1.9056343013971917,
      1.7659945142185989
    ],
    [
      -2.031897284933302,
      1.3908586386704103,
      -0.4203559620874244
    ],
    [
      -2.391191052977102,
      -0.6893112540774823,
      0.17310077558401568
    ],
    [
      1.9687465739290797,
      -0.04996824896211732,
      2.012832987699214
    ]
  ],
  "tvecs": [
    [
      0.004430653840540479,
      0.07390460696406972,
      0.01112000043930246
    ],
    [
      -0.0070281999780104866,
      0.08739945052202142,
      0.005993915005538423
    ],
    [
      -0.046618799232422854,
      0.08722853117428145,
      0.008779854668034768
    ],
    [
      -0.042189540406718865,
      0.10181935249233594,
      -0.004677827038095609
    ],
    [
      -0.005188217037293272,
      0.0908992686370685,
      -0.014846544550168213
    ],
    [
      0.0088984205189452,
      0.08870893258146918,
      -0.002580260990167409
    ],
    [
      0.007901487732149236,
      0.08010316979536723,
      -0.021694896298537575
    ],
    [
      -0.027771801934497378,
      0.09684621656354678,
      -0.015493547771761578
    ],
    [
      -0.04320301020247346,
      0.09317290816020368,
      -0.024452593777034654
    ],
    [
      -0.02970886515418672,
      0.09264881757539684,
      0.005301000399190977
    ],
    [
      0.0029205705142148087,
      0.0598369640729799,
      -0.019299645777486635
    ],
    [
      -0.014184895073759687,
      0.0588654194313609,
      -0.010695306801074037
    ],
    [
      -0.03585826161033881,
      0.06446840475261008,
      -0.012090649788413458
    ],
    [
      -0.009795369216923469,
      0.07343039176530111,
      -0.024810183658748333
    ],
    [
      -0.03218278592750965,
      0.07889138532079454,
      -0.026117115540841958
    ],
    [
      -0.04934699560852132,
      0.07318520353509622,
      -0.02173505969780561
    ],
    [
      6.846699001122758e-18,
      0.055907540083309705,
      6.846699001122758e-18
    ],
    [
      -0.050642258548343234,
      0.0693170277661491,
      -0.0015069849302586057
    ],
    [
      -0.011917124332334978,
      0.06706088906681429,
      0.008475599246521612
    ],
    [
      -0.034599289622650915,
      0.07266099327329091,
      0.0067997735620890405
    ],
    [
      -0.05791956610440547,
      0.08716213383075969,
      -0.008738255861016214
    ]
  ],
  "dimensions": [
    0.012497568773117439,
    0.012497568773117439,
    0.012497568773117439,
    0.012497568773117439,
    0.012497568773117439,
    0.012497568773117439,
    0.012497568773117439,
    0.012497568773117439,
    0.012497568773117439,
    0.012497568773117439,
    0.012497568773117439,
    0.012497568773117439,
    0.012497568773117439,
    0.012497568773117439,
    0.012497568773117439,
    0.012497568773117439,
    0.012497568773117439,
    0.012497568773117439,
    0.012497568773117439,
    0.012497568773117439,
    0.012497568773117439
  ],
  "label": null
}