{
  "ids": [
    188,
    189,
    198,
    199,
    202,
    205,
    187,
    196,
    200,
    203,
    204,
    194,
    197,
    186,
    195,
    191,
    190,
    192,
    201,
    193
  ],
  "rvecs": [
    [
      -2.372984112623469,
      -0.24252214732433422,
      -0.9012067388428143
    ],
    [
      -2.5246715451892725,
      -0.02436477223393898,
      -1.528759788707562
    ],
    [
      0.39270929970152085,
      -2.6582812037008536,
      -0.5210897723628167
    ],
    [
      -2.0404293087741476,
      -0.032139472009011266,
      -0.15837828291552833
    ],
    [
      -1.1890038673344516,
      2.3590865568742845,
      -1.619544233652731
    ],
    [
      -2.1408408553541607,
      -2.2834761340140277,
      0.00020135112632771224
    ],
    [
      -1.1510796309886748,
      -1.1984515384566052,
      -0.8013789569540257
    ],
    [
      0.9818299546963416,
      -1.3495380328392743,
      -1.2900402639777167
    ],
    [
      0.0731055857950831,
      -1.3348818454207567,
      -1.9608947129239835
    ],
    [
      1.0023878069259273,
      -0.6838012628502872,
      -1.3885404239110615
    ],
    [
      -2.055332918580871,
      -0.7232435181147814,
      0.972657554207866
    ],
    [
      0.0274787638067244,
      -0.6490052455518998,
      -1.7906953637371734
    ],
    [
      0.6692486915984257,
      -0.6428062427477148,
      0.025550358454295524
    ],
    [
      0.0,
      0.0,
      0.0
    ],
    [
      0.005475918402502107,
      1.1429744786253366,
      -0.7752638334396353
    ],
    [
      1.1970857181171863,
      1.2116925540215722,
      0.8765652730683264
    ],
    [
      1.5160362504175728,
      -0.6354654210223496,
      1.0409691946089843
    ],
    [
      -0.571334541562406,
      0.5356141706916425,
      -2.7528552404968853
    ],
    [
      0.9862122661205003,
      0.6994345161863216,
      -1.3053732462613232
    ],
    [
      -1.8844799992424865,
      2.3467466419549727,
      -0.8738469972006583
    ]
  ],
  "tvecs": [
    [
      -0.025149986511004262,
      -0.027859904040372266,
      0.010389418535528489
    ],
    [
      -0.012739821902634963,
      -0.003165006801862973,
      0.021021218138816498
    ],
    [
      -0.011656027350563203,
      -0.023778303964992326,
      0.013805523506632363
    ],
    [
      -0.0015853123045272502,
      -0.013539157819856587,
      0.02067294941993024
    ],
    [
      -0.007090687102867201,
      0.009869993470261825,
      0.020794096474272168
    ],
    [
      -0.00047612493728965596,
      -0.001382537831730842,
      0.028432037565308786
    ],
    [
      -0.013447319475918963,
      -0.03295832019955563,
      0.0024510367775772215
    ],
    [
      -0.0037233459980219328,
      -0.02184518714533977,
      0.0015669890066898678
    ],
    [
      0.006012620259524365,
      -0.0116650458334101,
      0.007766626323965678
    ],
    [
      0.011839601797454831,
      0.001328784861869493,
      0.007394537438730666
    ],
    [
      0.011135439164698481,
      -0.006483250314226231,
      0.020354966268878432
    ],
    [
      -0.012600504000002915,
      -0.024810275680279867,
      -0.010367081225799109
    ],
    [
      -0.010290387864715868,
      -0.010497658113280576,
      -0.006773562456664572
    ],
    [
      0.0,
      0.0,
      0.0
    ],
    [
      -0.011683096282249538,
      0.005186357354443204,
      0.007829034125100049
    ],
    [
      -0.03157627658747211,
      -0.01648144828902132,
      0.0022729951762787805
    ],
    [
      -0.021356343258643454,
      -0.005622285788746183,
      0.0003548822512969522
    ],
    [
      -0.023646561169486387,
      -0.014740796728193409,
      -0.010535756347263652
    ],
    [
      0.000657327500549971,
      0.011793970243317041,
      0.0074866302513460735
    ],
    [
      -0.0225548784829902,
      -0.013555192368734044,
      0.013573422974443524
    ]
  ],
  "dimensions": [
    0.010097146192916025,
    0.010097146192916025,
    0.010097146192916025,
    0.010097146192916025,
    0.010097146192916025,
    0.010097146192916025,
    0.010097146192916025,
    0.010097146192916025,
    0.010097146192916025,
    0.010097146192916025,
    0.010097146192916025,
    0.010097146192916025,
    0.010097146192916025,
    0.010097146192916025,
    0.010097146192916025,
    0.010097146192916025,
    0.010097146192916025,
    0.010097146192916025,
    0.010097146192916025,
    0.010097146192916025
  ],
  "label": null
}