{
  "ids": [
    188,
    189,
    198,
    199,
    202,
    205,
    187,
    196,
    200,
    203,
    204,
    194,
    197,
    186,
    195,
    191,
    190,
    192,
    201,
    193
  ],
  "rvecs": [
    [
      -1.2108503015925114,
      -0.5989342163420269,
      2.7301709123226967
    ],
    [
      -1.6555751120945674,
      -1.1802214808836295,
      2.2857882790339836
    ],
    [
      0.4033728851020068,
      0.23311682433795838,
      0.3142060883519545
    ],
    [
      0.7005798941410716,
      -0.2574653957565042,
      -2.8325170382136577
    ],
    [
      1.9346206139353976,
      0.4608334132368124,
      -0.32024796038278286
    ],
    [
      0.5967768960040909,
      -0.8248978609145708,
      1.856768896580098
    ],
    [
      -0.626391195682393,
      0.4857962338063163,
      1.8405014163002424
    ],
    [
      -0.658378962667453,
      0.9263249117221772,
      -0.15052380744843818
    ],
    [
      -1.1448393883517731,
      0.2744528607782065,
      0.3901888974876923
    ],
    [
      -1.138149570720204,
      1.2555993883260732,
      -0.2570401799076515
    ],
    [
      -0.9167778723074188,
      -0.1561640603749969,
      -2.8817735870687966
    ],
    [
      -1.5785440779879063,
      0.7419217152381434,
      0.5278289228663358
    ],
    [
      -0.07884305300351051,
      2.2554903367799453,
      0.39734446260633166
    ],
    [
      -0.660360560377817,
      2.6229102194324665,
      1.2419290133053675
    ],
    [
      1.915310603173912,
      -1.749451248609971,
      -0.46904115517978684
    ],
    [
      -0.07062740821990532,
      -2.0856094409815737,
      0.7250159577682184
    ],
    [
      1.1736775246903655,
      2.290192014975593,
      -0.6432520473119137
    ],
    [
      -2.6838938195153768,
      -0.43348090440686043,
      0.3126602029165907
    ],
    [
      -2.1416418360565577,
      1.8489451446664795,
      -0.6762530067861449
    ],
    [
      1.365210158203854,
      0.5547378650367204,
      -0.7674248511504292
    ]
  ],
  "tvecs": [
    [
      0.035167770366635646,
      0.06991708429188377,
      -0.10096475400209333
    ],
    [
      0.012118740429949438,
      0.08809560003285291,
      -0.09463157277189986
    ],
    [
      0.0209814357421171,
      0.07050170875407996,
      -0.10481272518615009
    ],
    [
      0.006889620027955647,
      0.07835485279361117,
      -0.10542716266943863
    ],
    [
      0.0009949687304650434,
      0.09344162689106944,
      -0.08719524825054678
    ],
    [
      -5.069640078922103e-05,
      0.09088907618116167,
      -0.10228186507887863
    ],
    [
      0.027298366551573326,
      0.05707152393192084,
      -0.10330035542872756
    ],
    [
      0.013419396664003193,
      0.0595010377580939,
      -0.09814916781396557
    ],
    [
      -0.0003170983284022827,
      0.06691001879614585,
      -0.09825970472861756
    ],
    [
      -0.011576335066126254,
      0.07206239575571635,
      -0.09081751931483235
    ],
    [
      -0.007831474499215492,
      0.07796388563259365,
      -0.10449860692575616
    ],
    [
      0.02326359776291441,
      0.0514240476719252,
      -0.0895228275953174
    ],
    [
      0.014405897607848595,
      0.0615452819144323,
      -0.08255517578552381
    ],
    [
      8.499054176886514e-18,
      0.06940004401925426,
      -0.083
    ],
    [
      0.007815314243712457,
      0.08220382375715211,
      -0.08053801345840865
    ],
    [
      0.03600426725568427,
      0.0721074685971249,
      -0.08554153129954649
    ],
    [
      0.021836855075472582,
      0.07342857657616131,
      -0.080062855644064
    ],
    [
      0.02855658882714564,
      0.06055565041583473,
      -0.07864205210815248
    ],
    [
      -0.006354295911010992,
      0.08166425134994663,
      -0.0797822059483906
    ],
    [
      0.026073061853717938,
      0.07962292818081391,
      -0.09383174103512625
    ]
  ],
  "dimensions": [
    0.010239729437446773,
    0.010239729437446773,
    0.010239729437446773,
    0.010239729437446773,
    0.010239729437446773,
    0.010239729437446773,
    0.010239729437446773,
    0.010239729437446773,
    0.010239729437446773,
    0.010239729437446773,
    0.010239729437446773,
    0.010239729437446773,
    0.010239729437446773,
    0.010239729437446773,
    0.010239729437446773,
    0.010239729437446773,
    0.010239729437446773,
    0.010239729437446773,
    0.010239729437446773,
    0.010239729437446773
  ],
  "label": null
}