{
  "ids": [
    188,
    189,
    198,
    199,
    202,
    205,
    187,
    196,
    200,
    203,
    204,
    194,
    197,
    186,
    195,
    191,
    190,
    192,
    201,
    193
  ],
  "rvecs": [
    [
      -1.2108503015925096,
      -0.5989342163420317,
      2.730170912322699
    ],
    [
      -1.6555751120945683,
      -1.1802214808836295,
      2.285788279033983
    ],
    [
      0.40337288510200686,
      0.23311682433795836,
      0.3142060883519545
    ],
    [
      0.7005798941410714,
      -0.2574653957565019,
      -2.8325170382136564
    ],
    [
      1.9346206139353974,
      0.46083341323681243,
      -0.32024796038278286
    ],
    [
      0.5967768960040907,
      -0.8248978609145708,
      1.856768896580098
    ],
    [
      -0.6263911956823932,
      0.4857962338063163,
      1.8405014163002424
    ],
    [
      -0.6583789626674531,
      0.9263249117221772,
      -0.1505238074484382
    ],
    [
      -1.1448393883517731,
      0.2744528607782065,
      0.39018889748769237
    ],
    [
      -1.1381495707202043,
      1.2555993883260732,
      -0.2570401799076514
    ],
    [
      -0.9167778723074184,
      -0.15616406037499667,
      -2.8817735870687966
    ],
    [
      -1.5785440779879063,
      0.7419217152381434,
      0.5278289228663359
    ],
    [
      -0.07884305300351037,
      2.2554903367799453,
      0.39734446260633166
    ],
    [
      -0.6603605603778157,
      2.6229102194324687,
      1.2419290133053695
    ],
    [
      1.915310603173912,
      -1.749451248609971,
      -0.46904115517978684
    ],
    [
      -0.07062740821990514,
      -2.085609440981574,
      0.7250159577682181
    ],
    [
      1.1736775246903655,
      2.290192014975593,
      -0.6432520473119142
    ],
    [
      -2.6838938195153768,
      -0.43348090440686055,
      0.3126602029165907
    ],
    [
      -2.1416418360565563,
      1.8489451446664789,
      -0.6762530067861435
    ],
    [
      1.3652101582038543,
      0.5547378650367206,
      -0.7674248511504295
    ]
  ],
  "tvecs": [
    [
      0.035167770366635646,
      0.06991708429188377,
      -0.01796475400209332
    ],
    [
      0.012118740429949438,
      0.08809560003285291,
      -0.011631572771899856
    ],
    [
      0.0209814357421171,
      0.07050170875407996,
      -0.021812725186150086
    ],
    [
      0.006889620027955647,
      0.07835485279361117,
      -0.022427162669438623
    ],
    [
      0.0009949687304650434,
      0.09344162689106944,
      -0.0041952482505467695
    ],
    [
      -5.069640078922103e-05,
      0.09088907618116167,
      -0.019281865078878618
    ],
    [
      0.027298366551573326,
      0.05707152393192084,
      -0.020300355428727553
    ],
    [
      0.013419396664003193,
      0.0595010377580939,
      -0.015149167813965574
    ],
    [
      -0.0003170983284022827,
      0.06691001879614585,
      -0.015259704728617554
    ],
    [
      -0.011576335066126254,
      0.07206239575571635,
      -0.00781751931483235
    ],
    [
      -0.007831474499215492,
      0.07796388563259365,
      -0.021498606925756163
    ],
    [
      0.02326359776291441,
      0.0514240476719252,
      -0.0065228275953174005
    ],
    [
      0.014405897607848595,
      0.0615452819144323,
      0.00044482421447620147
    ],
    [
      8.499054176886514e-18,
      0.06940004401925426,
      0.0
    ],
    [
      0.007815314243712457,
      0.08220382375715211,
      0.0024619865415913596
    ],
    [
      0.03600426725568427,
      0.0721074685971249,
      -0.0025415312995464884
    ],
    [
      0.021836855075472582,
      0.07342857657616131,
      0.0029371443559360042
    ],
    [
      0.02855658882714564,
      0.06055565041583473,
      0.004357947891847526
    ],
    [
      -0.006354295911010992,
      0.08166425134994663,
      0.0032177940516094072
    ],
    [
      0.026073061853717938,
      0.07962292818081391,
      -0.010831741035126241
    ]
  ],
  "dimensions": [
    0.010239729437446773,
    0.010239729437446773,
    0.010239729437446773,
    0.010239729437446773,
    0.010239729437446773,
    0.010239729437446773,
    0.010239729437446773,
    0.010239729437446773,
    0.010239729437446773,
    0.010239729437446773,
    0.010239729437446773,
    0.010239729437446773,
    0.010239729437446773,
    0.010239729437446773,
    0.010239729437446773,
    0.010239729437446773,
    0.010239729437446773,
    0.010239729437446773,
    0.010239729437446773,
    0.010239729437446773
  ],
  "label": null
}