{
  "ids": [
    188,
    189,
    198,
    199,
    202,
    205,
    187,
    196,
    200,
    203,
    204,
    194,
    197,
    186,
    195,
    191,
    190,
    192,
    201,
    193
  ],
  "rvecs": [
    [
      -2.372984112623469,
      -0.24252214732433422,
      -0.9012067388428143
    ],
    [
      -2.5246715451892725,
      -0.02436477223393898,
      -1.528759788707562
    ],
    [
      0.39270929970152085,
      -2.6582812037008536,
      -0.5210897723628167
    ],
    [
      -2.0404293087741476,
      -0.032139472009011266,
      -0.15837828291552833
    ],
    [
      -1.1890038673344516,
      2.3590865568742845,
      -1.619544233652731
    ],
    [
      -2.1408408553541607,
      -2.2834761340140277,
      0.00020135112632771224
    ],
    [
      -1.1510796309886748,
      -1.1984515384566052,
      -0.8013789569540257
    ],
    [
      0.9818299546963416,
      -1.3495380328392743,
      -1.2900402639777167
    ],
    [
      0.0731055857950831,
      -1.3348818454207567,
      -1.9608947129239835
    ],
    [
      1.0023878069259273,
      -0.6838012628502872,
      -1.3885404239110615
    ],
    [
      -2.055332918580871,
      -0.7232435181147814,
      0.972657554207866
    ],
    [
      0.0274787638067244,
      -0.6490052455518998,
      -1.7906953637371734
    ],
    [
      0.6692486915984257,
      -0.6428062427477148,
      0.025550358454295524
    ],
    [
      0.0,
      0.0,
      0.0
    ],
    [
      0.005475918402502107,
      1.1429744786253366,
      -0.7752638334396353
    ],
    [
      1.1970857181171863,
      1.2116925540215722,
      0.8765652730683264
    ],
    [
      1.5160362504175728,
      -0.6354654210223496,
      1.0409691946089843
    ],
    [
      -0.571334541562406,
      0.5356141706916425,
      -2.7528552404968853
    ],
    [
      0.9862122661205003,
      0.6994345161863216,
      -1.3053732462613232
    ],
    [
      -1.8844799992424865,
      2.3467466419549727,
      -0.8738469972006583
    ]
  ],
  "tvecs": [
    [
      -0.02550513306510282,
      -0.028253317727219594,
      0.010536128999582464
    ],
    [
      -0.01291972274856864,
      -0.0032097003152725453,
      0.021318061764624738
    ],
    [
      -0.011820623778725097,
      -0.024114080793810114,
      0.014000473277232115
    ],
    [
      -0.0016076987261611764,
      -0.013730346202522906,
      0.020964875093382573
    ],
    [
      -0.0071908157088874285,
      0.010009369058730035,
      0.021087732882593878
    ],
    [
      -0.00048284836557956095,
      -0.001402060846052749,
      0.028833530431434263
    ],
    [
      -0.013637210996204489,
      -0.03342372934968092,
      0.002485648218229268
    ],
    [
      -0.003775923899021425,
      -0.02215366615525538,
      0.0015891166824161644
    ],
    [
      0.006097525329566408,
      -0.011829769612857246,
      0.007876299964336048
    ],
    [
      0.012006790506618768,
      0.0013475488228213129,
      0.00749895675877161
    ],
    [
      0.011292684292682405,
      -0.006574801218535799,
      0.020642401656806832
    ],
    [
      -0.012778437517921428,
      -0.025160625129184395,
      -0.010513476261509823
    ],
    [
      -0.01043569990251328,
      -0.010645897043882194,
      -0.006869212900230545
    ],
    [
      0.0,
      0.0,
      0.0
    ],
    [
      -0.011848074954664618,
      0.005259594647908482,
      0.00793958903494991
    ],
    [
      -0.03202216970222178,
      -0.016714185175931314,
      0.00230509246603219
    ],
    [
      -0.021657919234166725,
      -0.005701678889937584,
      0.00035989359428927173
    ],
    [
      -0.02398047763945942,
      -0.014948953625629301,
      -0.010684533268472558
    ],
    [
      0.0006666097161341582,
      0.011960514582783079,
      0.007592350027156379
    ],
    [
      -0.02287337914571783,
      -0.013746607177556809,
      0.013765095220255133
    ]
  ],
  "dimensions": [
    0.010239729437446773,
    0.010239729437446773,
    0.010239729437446773,
    0.010239729437446773,
    0.010239729437446773,
    0.010239729437446773,
    0.010239729437446773,
    0.010239729437446773,
    0.010239729437446773,
    0.010239729437446773,
    0.010239729437446773,
    0.010239729437446773,
    0.010239729437446773,
    0.010239729437446773,
    0.010239729437446773,
    0.010239729437446773,
    0.010239729437446773,
    0.010239729437446773,
    0.010239729437446773,
    0.010239729437446773
  ],
  "label": null
}