{
  "ids": [
    188,
    189,
    198,
    199,
    202,
    205,
    187,
    196,
    200,
    203,
    204,
    194,
    197,
    186,
    195,
    191,
    190,
    192,
    201,
    193
  ],
  "rvecs": [
    [
      -2.372984112623469,
      -0.24252214732433422,
      -0.9012067388428143
    ],
    [
      -2.5246715451892725,
      -0.02436477223393898,
      -1.528759788707562
    ],
    [
      0.39270929970152085,
      -2.6582812037008536,
      -0.5210897723628167
    ],
    [
      -2.0404293087741476,
      -0.032139472009011266,
      -0.15837828291552833
    ],
    [
      -1.1890038673344516,
      2.3590865568742845,
      -1.619544233652731
    ],
    [
      -2.1408408553541607,
      -2.2834761340140277,
      0.00020135112632771224
    ],
    [
      -1.1510796309886748,
      -1.1984515384566052,
      -0.8013789569540257
    ],
    [
      0.9818299546963416,
      -1.3495380328392743,
      -1.2900402639777167
    ],
    [
      0.0731055857950831,
      -1.3348818454207567,
      -1.9608947129239835
    ],
    [
      1.0023878069259273,
      -0.6838012628502872,
      -1.3885404239110615
    ],
    [
      -2.055332918580871,
      -0.7232435181147814,
      0.972657554207866
    ],
    [
      0.0274787638067244,
      -0.6490052455518998,
      -1.7906953637371734
    ],
    [
      0.6692486915984257,
      -0.6428062427477148,
      0.025550358454295524
    ],
    [
      0.0,
      0.0,
      0.0
    ],
    [
      0.005475918402502107,
      1.1429744786253366,
      -0.7752638334396353
    ],
    [
      1.1970857181171863,
      1.2116925540215722,
      0.8765652730683264
    ],
    [
      1.5160362504175728,
      -0.6354654210223496,
      1.0409691946089843
    ],
    [
      -0.571334541562406,
      0.5356141706916425,
      -2.7528552404968853
    ],
    [
      0.9862122661205003,
      0.6994345161863216,
      -1.3053732462613232
    ],
    [
      -1.8844799992424865,
      2.3467466419549727,
      -0.8738469972006583
    ]
  ],
  "tvecs": [
    [
      -0.0249080146315491,
      -0.027591859628533725,
      0.010289460345555378
    ],
    [
      -0.012617250121200576,
      -0.003134555785756063,
      0.020818969773424303
    ],
    [
      -0.011543882922821165,
      -0.023549529253795252,
      0.013672698446535387
    ],
    [
      -0.0015700597715812778,
      -0.01340889550490555,
      0.02047405180132383
    ],
    [
      -0.007022466514193782,
      0.009775032748546747,
      0.020594033281266078
    ],
    [
      -0.0004715440662072385,
      -0.0013692362231031237,
      0.028158488569033684
    ],
    [
      -0.013317940751767425,
      -0.03264122314350424,
      0.0024274549766317385
    ],
    [
      -0.0036875231148323522,
      -0.02163501124769884,
      0.0015519127650040752
    ],
    [
      0.005954771917378705,
      -0.011552814637460718,
      0.007691902420324074
    ],
    [
      0.011725691171789988,
      0.001316000418813134,
      0.007323393459350465
    ],
    [
      0.01102830339577623,
      -0.006420873968106714,
      0.020159128014962394
    ],
    [
      -0.0124792726174879,
      -0.024571572210855288,
      -0.010267337946510536
    ],
    [
      -0.010191382464022774,
      -0.01039665853372069,
      -0.006708392972874634
    ],
    [
      0.0,
      0.0,
      0.0
    ],
    [
      -0.011570691420162054,
      0.0051364586144963,
      0.007753709786427335
    ],
    [
      -0.03127247638508538,
      -0.016322877745975795,
      0.0022511263408996423
    ],
    [
      -0.021150870603048887,
      -0.0055681929144401985,
      0.0003514678747010033
    ],
    [
      -0.023419053975940636,
      -0.014598973260915332,
      -0.01043439021874849
    ],
    [
      0.0006510032518011278,
      0.01168049864583666,
      0.007414600232884177
    ],
    [
      -0.02233787453608852,
      -0.013424775782927776,
      0.013442830989182263
    ]
  ],
  "dimensions": [
    0.01,
    0.01,
    0.01,
    0.01,
    0.01,
    0.01,
    0.01,
    0.01,
    0.01,
    0.01,
    0.01,
    0.01,
    0.01,
    0.01,
    0.01,
    0.01,
    0.01,
    0.01,
    0.01,
    0.01
  ],
  "label": null
}