{
  "camera_matrix": [
    [2931.1042568702533, 0.0, 926.835545963801],
    [0.0, 2931.1042568702533, 582.3404435021739],
    [0.0, 0.0, 1.0]
  ],
  "distortion_coefficients": [
    [-0.2294595599795253, 0.6523010773586448, 0.0, 0.0, -1.584389669624624]
  ]
}