{
  "camera_matrix": [
    [3554.9898065773646, 0.0, 987.6184037294921],
    [0.0, 3554.9898065773646, 745.2410995533523],
    [0.0, 0.0, 1.0]
  ],
  "distortion_coefficients": [
    [-0.06517326925571257, 0.054267320633406065, 0.0, 0.0, 0.9753420758355725]
  ]
}