{
  "ids": [
    120,
    122,
    128,
    130,
    127,
    131,
    118,
    129,
    116,
    135,
    125,
    119,
    126,
    121,
    123,
    132,
    134,
    133,
    117
  ],
  "rvecs": [
    [
      -2.868627106658839,
      -0.12655118805851498,
      -0.9972236108701734
    ],
    [
      -1.7650078839184458,
      0.9601820624216584,
      0.5572243659595532
    ],
    [
      -0.4191175496359911,
      2.7789918560933375,
      -0.5481902296831684
    ],
    [
      -0.6916879965138208,
      -1.6162800920224287,
      -1.9995795609694433
    ],
    [
      2.2960171817767594,
      -1.8048905233895962,
      -0.6421022871195659
    ],
    [
      0.5213459819521922,
      -2.899729025420508,
      -1.0070781060870444
    ],
    [
      -1.513879841951671,
      0.3085733337825581,
      -1.3610795298017653
    ],
    [
      0.1064228688420328,
      2.0332697505275594,
      0.7193934383885006
    ],
    [
      2.2363866639161745,
      0.4531527783237449,
      -0.12887777073557213
    ],
    [
      1.7051463397360358,
      -1.5973429366489087,
      -0.4446781857714214
    ],
    [
      0.9088489988546093,
      1.9057944288692483,
      -1.666122191468621
    ],
    [
      1.122173071751171,
      -0.37990443551522846,
      0.4620588446779333
    ],
    [
      0.47684063850507197,
      0.5120188585127187,
      -1.1441082489385517
    ],
    [
      -1.689226128925292,
      -1.4692592790419066,
      1.853077574152319
    ],
    [
      0.09902966353137319,
      -0.6621347996486627,
      0.09913912551127509
    ],
    [
      1.5663863433194087,
      0.8182429586062535,
      -2.582116762155629
    ],
    [
      -0.5497920765991877,
      0.10817081627758016,
      1.893606647696394
    ],
    [
      -0.2776968885625957,
      0.7986102174313556,
      0.08125420874310925
    ],
    [
      0.5101967807922679,
      0.1666502401517237,
      1.831261366837823
    ]
  ],
  "tvecs": [
    [
      -0.008294964020201565,
      0.0796733370227121,
      0.0016072505909430785
    ],
    [
      -0.000715169874767839,
      0.0686380476516814,
      -0.00422712584318692
    ],
    [
      0.01983061388026208,
      0.07088998169826649,
      0.003393879646710391
    ],
    [
      0.02236635899098516,
      0.05253804193203542,
      -0.011843544257196094
    ],
    [
      0.006271974403373298,
      0.08015364735410474,
      0.003164728971476045
    ],
    [
      0.026011357435902344,
      0.058000204386667024,
      0.001881082938501446
    ],
    [
      -0.011881069773744219,
      0.07431993027601808,
      -0.01213157026601528
    ],
    [
      0.012952814536261495,
      0.05996136141984141,
      -0.0039031984557553988
    ],
    [
      0.0,
      0.09251330474664086,
      0.0
    ],
    [
      0.034488301435637914,
      0.07178702205290624,
      -0.0002768324109141268
    ],
    [
      0.02595350256436619,
      0.08083643464161122,
      -0.006845678948499916
    ],
    [
      0.0012888254618946987,
      0.09508219735533785,
      -0.01574602769114588
    ],
    [
      0.022943082736537265,
      0.07523342699834591,
      -0.020859808546808946
    ],
    [
      0.012109193861222608,
      0.09004736393006604,
      -0.007791709661551258
    ],
    [
      0.00930498175670912,
      0.08355650333203152,
      -0.020786902301622508
    ],
    [
      0.03581214330226759,
      0.07361628685107999,
      -0.014593599833914082
    ],
    [
      0.028658296848300045,
      0.0621029425893107,
      -0.022341436882717683
    ],
    [
      0.014820009788084072,
      0.06213547966587299,
      -0.019185080917039667
    ],
    [
      -0.005882634278107076,
      0.08297509122794017,
      -0.022773686607061566
    ]
  ],
  "dimensions": [
    0.010243348285857608,
    0.010243348285857608,
    0.010243348285857608,
    0.010243348285857608,
    0.010243348285857608,
    0.010243348285857608,
    0.010243348285857608,
    0.010243348285857608,
    0.010243348285857608,
    0.010243348285857608,
    0.010243348285857608,
    0.010243348285857608,
    0.010243348285857608,
    0.010243348285857608,
    0.010243348285857608,
    0.010243348285857608,
    0.010243348285857608,
    0.010243348285857608,
    0.010243348285857608
  ],
  "label": null
}