{
  "ids": [
    118,
    120,
    122,
    127,
    128,
    129,
    130,
    131,
    124,
    133,
    134,
    117,
    123,
    126,
    119,
    132,
    121,
    125,
    135,
    116
  ],
  "rvecs": [
    [
      0.17644668480856449,
      0.10849394410153923,
      0.9479547063199018
    ],
    [
      -0.2659107232305969,
      -0.8845792932957596,
      0.20922483992633878
    ],
    [
      -0.005501835813408828,
      -1.3615758559051148,
      1.9848058792197385
    ],
    [
      -1.4861066923063573,
      -1.608235699924611,
      1.3706527612039219
    ],
    [
      -1.828490878680885,
      0.5801976212234933,
      2.2120652099289555
    ],
    [
      0.5323096621120997,
      -0.06693999365829124,
      -2.5011323222565847
    ],
    [
      0.9097165149771718,
      0.5893211166875939,
      -0.6707078051616973
    ],
    [
      1.7167514359561544,
      0.5480512126368053,
      -1.9165426831164112
    ],
    [
      1.450056362221224,
      -0.7432885802987742,
      2.0041436082565327
    ],
    [
      0.9922076367606693,
      0.22067974276853233,
      2.663751070679198
    ],
    [
      -1.1449791256172461,
      1.6372510399117,
      -1.495222153559641
    ],
    [
      -1.1537831578285729,
      0.666404368293917,
      -1.2328426469169156
    ],
    [
      2.5902781945551423,
      0.2721434891769445,
      1.246223656207382
    ],
    [
      0.8712092818421235,
      1.7889903278856216,
      1.578810528356337
    ],
    [
      -2.0297825481173404,
      -0.7986511997199937,
      -0.9959807777452012
    ],
    [
      -0.6284465761377929,
      2.665036762164868,
      -0.04054650737230899
    ],
    [
      1.3356631450733834,
      -2.715696860560947,
      -0.26243966107448446
    ],
    [
      -1.0701408261846717,
      2.285555833602349,
      1.4354600277063585
    ],
    [
      -2.147141053519444,
      -1.532543633661918,
      0.8415321266795578
    ],
    [
      -0.6812346247787159,
      -1.761421770634008,
      -0.638511892787434
    ]
  ],
  "tvecs": [
    [
      -0.0994521282169062,
      -0.0727721522092643,
      0.02040959034914496
    ],
    [
      -0.08574237808079505,
      -0.07606021766699694,
      0.025961588983313737
    ],
    [
      -0.09160151792015525,
      -0.0628897188514208,
      0.028201207401507153
    ],
    [
      -0.08425758516552531,
      -0.07038987410258177,
      0.03938389173340449
    ],
    [
      -0.08410953265615102,
      -0.05632856547497519,
      0.047808608008915315
    ],
    [
      -0.09136647434391611,
      -0.0493312920933034,
      0.036976149513415574
    ],
    [
      -0.09934919256453391,
      -0.0386804105317065,
      0.04239375789098528
    ],
    [
      -0.08565715862424192,
      -0.042082804733328164,
      0.04803170181256716
    ],
    [
      -0.10660779542293763,
      -0.0644714271667366,
      0.030706984698479066
    ],
    [
      -0.106632848416404,
      -0.05055832939657671,
      0.03951685786675015
    ],
    [
      -0.10984677746417532,
      -0.04475385859673303,
      0.052029600098898184
    ],
    [
      -0.11006744306758795,
      -0.07817286748777197,
      0.029430139409954384
    ],
    [
      -0.10816126764996767,
      -0.07226968462872406,
      0.04345399746138937
    ],
    [
      -0.10832362836398735,
      -0.05904992328594849,
      0.05235380061845323
    ],
    [
      -0.1030608259708404,
      -0.08606276068804676,
      0.04098862114794693
    ],
    [
      -0.10223685106995434,
      -0.05228437195806914,
      0.0635387720810591
    ],
    [
      -0.09518168699712168,
      -0.07693428932504298,
      0.0487301351433829
    ],
    [
      -0.09434927339764634,
      -0.06281773455022294,
      0.05745886053393435
    ],
    [
      -0.08785420205542371,
      -0.05103151675635914,
      0.06144676443169996
    ],
    [
      -0.08735374075755853,
      -0.08422151131780857,
      0.038836262872036016
    ]
  ],
  "dimensions": [
    0.010206990474545983,
    0.010206990474545983,
    0.010206990474545983,
    0.010206990474545983,
    0.010206990474545983,
    0.010206990474545983,
    0.010206990474545983,
    0.010206990474545983,
    0.010206990474545983,
    0.010206990474545983,
    0.010206990474545983,
    0.010206990474545983,
    0.010206990474545983,
    0.010206990474545983,
    0.010206990474545983,
    0.010206990474545983,
    0.010206990474545983,
    0.010206990474545983,
    0.010206990474545983,
    0.010206990474545983
  ],
  "label": null
}