{
  "ids": [
    120,
    122,
    128,
    130,
    127,
    131,
    118,
    129,
    116,
    135,
    125,
    119,
    126,
    121,
    123,
    132,
    134,
    133,
    117
  ],
  "rvecs": [
    [
      0.8026168847339578,
      0.7836330894100764,
      0.5696162172991098
    ],
    [
      2.077445708273522,
      -0.617847157651236,
      0.929451381736947
    ],
    [
      -0.5834823975927922,
      0.580628369550774,
      -2.7993800934482023
    ],
    [
      0.4319083898775564,
      2.662601090013638,
      -0.5290997756954707
    ],
    [
      0.7372357543103698,
      -0.9555979827827131,
      1.3566622119729561
    ],
    [
      0.5114144836440145,
      -2.0952345905959273,
      2.2747438480821134
    ],
    [
      1.6623779064723063,
      1.5337074937059538,
      1.1623206612166845
    ],
    [
      -1.2766020346782418,
      1.3432861140581231,
      -1.5019948677745434
    ],
    [
      0.0,
      0.0,
      0.0
    ],
    [
      0.0181004093483856,
      -1.0164724265489127,
      1.4167559612674427
    ],
    [
      0.0254193991223234,
      -0.6515960585418323,
      -1.887135843945605
    ],
    [
      -1.1518430265883222,
      0.0004250710975558615,
      0.835323520464509
    ],
    [
      -1.2148627839659616,
      -1.1710179931501608,
      -0.8169287532326541
    ],
    [
      1.0077750847907037,
      -0.709367151382103,
      -1.4249980160046498
    ],
    [
      -2.078845233094669,
      -0.663825406091576,
      0.938589866050258
    ],
    [
      0.8033193916784931,
      -1.4312712403205914,
      -1.1533268454565027
    ],
    [
      2.2885755866064046,
      -1.9346783168099,
      -0.8668496359084102
    ],
    [
      -2.342776382864294,
      0.06455386850737577,
      -0.8020485564767292
    ],
    [
      -1.4352233954842415,
      1.5972100417671453,
      0.8335823816026712
    ]
  ],
  "tvecs": [
    [
      -0.01139855040887555,
      0.005584225293134699,
      0.008003249936457289
    ],
    [
      -0.006147248333327483,
      0.010531048382719083,
      0.02030002774979186
    ],
    [
      0.01131820705683536,
      0.021890599688427492,
      0.014969438270065907
    ],
    [
      0.012215045512484184,
      0.022647911400090995,
      0.03835769029185424
    ],
    [
      0.0015860434030327988,
      0.011576070910851872,
      0.007490278960680819
    ],
    [
      0.013778240676647159,
      0.03044932611067624,
      0.02581524642688691
    ],
    [
      -0.012875378051515769,
      -0.0022689329471897615,
      0.020477625453855976
    ],
    [
      0.0038214812033143322,
      0.020612819850631105,
      0.027291144791297753
    ],
    [
      0.0,
      0.0,
      0.0
    ],
    [
      0.025729068296123026,
      0.023996714250614073,
      0.017471576839315904
    ],
    [
      0.021990326518985966,
      0.011130015978509177,
      0.014460961331589495
    ],
    [
      0.005574521454787802,
      -0.012099348082431955,
      0.008167002059674956
    ],
    [
      0.021032894024963295,
      0.0034314655079656854,
      0.0273274998264705
    ],
    [
      0.012153289154166505,
      0.00024013611457622492,
      0.0074594920681090825
    ],
    [
      0.01090171455334146,
      -0.006156763222663991,
      0.02034775866309509
    ],
    [
      0.03079781066196788,
      0.013341451311055791,
      0.025280500632986855
    ],
    [
      0.022997626605369866,
      0.011985511155227148,
      0.038305003498411136
    ],
    [
      0.00970430462457079,
      0.009272866045851263,
      0.0354885275632217
    ],
    [
      -0.002572638433249246,
      -0.012612760287627117,
      0.02117257233307028
    ]
  ],
  "dimensions": [
    0.01,
    0.01,
    0.01,
    0.01,
    0.01,
    0.01,
    0.01,
    0.01,
    0.01,
    0.01,
    0.01,
    0.01,
    0.01,
    0.01,
    0.01,
    0.01,
    0.01,
    0.01,
    0.01
  ],
  "label": null
}