{
  "ids": [
    120,
    122,
    128,
    130,
    127,
    131,
    118,
    129,
    116,
    135,
    125,
    119,
    126,
    121,
    123,
    132,
    134,
    133,
    117
  ],
  "rvecs": [
    [
      -1.0029414428256718,
      0.155953691371086,
      2.885075100428813
    ],
    [
      -0.5845195532882258,
      -1.2763799671081633,
      -1.851465375319018
    ],
    [
      0.3841861108019251,
      -0.2809600403354053,
      -0.29372858661955137
    ],
    [
      -1.6984811803640139,
      0.5523204017982822,
      0.5875330332906763
    ],
    [
      -0.49599523439589843,
      0.1751179890276927,
      -1.7735703533482559
    ],
    [
      -0.6620781260382187,
      0.028662936970139562,
      -0.34274577975844217
    ],
    [
      1.6475338548368554,
      -1.498352332688328,
      -1.8324926921307174
    ],
    [
      -0.6232117726581559,
      -1.0004356367123772,
      0.0921943142697838
    ],
    [
      0.144937623243034,
      -1.1727518740553764,
      2.515069634355157
    ],
    [
      -0.39845131469216444,
      0.8551598761214293,
      -1.5278865088282005
    ],
    [
      1.349757972397694,
      -0.500967847575522,
      0.7362762396366386
    ],
    [
      0.610593042360602,
      2.276783628261429,
      -1.4829086767363693
    ],
    [
      1.452991476849162,
      -2.14735106564107,
      0.6055767749301441
    ],
    [
      1.5299915007003246,
      0.2837033737044782,
      1.3947077316495362
    ],
    [
      0.12751360949704965,
      2.4734665511400857,
      -0.12737281854203553
    ],
    [
      2.2335416829860044,
      -0.017090595009014855,
      1.354930668024164
    ],
    [
      -2.4435320983473208,
      -1.6819954488620013,
      -0.7094581064242929
    ],
    [
      -0.10030266396559061,
      -2.3186051149205786,
      -0.34279747632329494
    ],
    [
      -2.3538484659042567,
      -1.7387423504528308,
      0.6557916480545295
    ]
  ],
  "tvecs": [
    [
      0.00829496402020154,
      0.0796733370227121,
      -0.10160725059094308
    ],
    [
      0.0007151698747678161,
      0.0686380476516814,
      -0.09577287415681308
    ],
    [
      -0.019830613880262107,
      0.07088998169826649,
      -0.10339387964671039
    ],
    [
      -0.022366358990985186,
      0.05253804193203542,
      -0.08815645574280391
    ],
    [
      -0.006271974403373323,
      0.08015364735410474,
      -0.10316472897147605
    ],
    [
      -0.026011357435902372,
      0.058000204386667024,
      -0.10188108293850144
    ],
    [
      0.0118810697737442,
      0.07431993027601808,
      -0.08786842973398473
    ],
    [
      -0.01295281453626152,
      0.05996136141984141,
      -0.0960968015442446
    ],
    [
      -2.4492935982947065e-17,
      0.09251330474664086,
      -0.1
    ],
    [
      -0.03448830143563794,
      0.07178702205290624,
      -0.09972316758908586
    ],
    [
      -0.025953502564366213,
      0.08083643464161122,
      -0.09315432105150008
    ],
    [
      -0.0012888254618947173,
      0.09508219735533785,
      -0.08425397230885412
    ],
    [
      -0.022943082736537283,
      0.07523342699834591,
      -0.07914019145319105
    ],
    [
      -0.012109193861222629,
      0.09004736393006604,
      -0.09220829033844874
    ],
    [
      -0.009304981756709138,
      0.08355650333203152,
      -0.0792130976983775
    ],
    [
      -0.03581214330226762,
      0.07361628685107999,
      -0.08540640016608592
    ],
    [
      -0.028658296848300062,
      0.0621029425893107,
      -0.07765856311728231
    ],
    [
      -0.014820009788084091,
      0.06213547966587299,
      -0.08081491908296033
    ],
    [
      0.005882634278107059,
      0.08297509122794017,
      -0.07722631339293844
    ]
  ],
  "dimensions": [
    0.010243348285857608,
    0.010243348285857608,
    0.010243348285857608,
    0.010243348285857608,
    0.010243348285857608,
    0.010243348285857608,
    0.010243348285857608,
    0.010243348285857608,
    0.010243348285857608,
    0.010243348285857608,
    0.010243348285857608,
    0.010243348285857608,
    0.010243348285857608,
    0.010243348285857608,
    0.010243348285857608,
    0.010243348285857608,
    0.010243348285857608,
    0.010243348285857608,
    0.010243348285857608
  ],
  "label": null
}