{
  "ids": [
    120,
    122,
    128,
    130,
    127,
    131,
    118,
    129,
    116,
    135,
    125,
    119,
    126,
    121,
    123,
    132,
    134,
    133,
    117
  ],
  "rvecs": [
    [
      0.8026168822510891,
      0.7836331111707646,
      0.5696162022707728
    ],
    [
      2.077445698608789,
      -0.617847144431901,
      0.9294513560731891
    ],
    [
      -0.5834824308848645,
      0.5806283581319707,
      -2.799380098315833
    ],
    [
      0.4319083821218998,
      2.6626011058391184,
      -0.5290997979842978
    ],
    [
      0.737235756708032,
      -0.9555979571726866,
      1.3566622039720793
    ],
    [
      0.5114144996570493,
      -2.095234565350855,
      2.274743841760539
    ],
    [
      1.6623779222828208,
      1.5337075078035076,
      1.162320621497606
    ],
    [
      -1.2766020632374828,
      1.3432861226105364,
      -1.5019948684412172
    ],
    [
      0.0,
      0.0,
      0.0
    ],
    [
      0.01810041880569913,
      -1.0164724014821012,
      1.4167559607593088
    ],
    [
      0.02541936213796383,
      -0.6515960573503984,
      -1.8871358483325509
    ],
    [
      -1.1518430212587722,
      0.000425156293268145,
      0.835323507975297
    ],
    [
      -1.214862813436669,
      -1.1710179730569379,
      -0.816928735047358
    ],
    [
      1.007775047634443,
      -0.7093671490765007,
      -1.4249980295293934
    ],
    [
      -2.078845235090223,
      -0.6638253738389547,
      0.938589892160082
    ],
    [
      0.8033193586933752,
      -1.431271232850533,
      -1.1533268432977926
    ],
    [
      2.288575538528532,
      -1.934678321458854,
      -0.8668496449277081
    ],
    [
      -2.342776416228672,
      0.06455388920160977,
      -0.8020485275498288
    ],
    [
      -1.4352233934888272,
      1.5972100824061313,
      0.8335823885177945
    ]
  ],
  "tvecs": [
    [
      -0.011675931975060415,
      0.005720116540903775,
      0.008198007866689233
    ],
    [
      -0.0062968401092799095,
      0.010787319921483527,
      0.020794025481951663
    ],
    [
      0.011593634080869476,
      0.02242330379395545,
      0.015333716488237342
    ],
    [
      0.012512297441439007,
      0.023199044900178083,
      0.03929111757941026
    ],
    [
      0.0016246397074460548,
      0.011857772653222383,
      0.00767255347103059
    ],
    [
      0.014113532462339914,
      0.031190305477724847,
      0.026443455348688923
    ],
    [
      -0.013188697799877086,
      -0.0023241466279472116,
      0.020975945354416627
    ],
    [
      0.00391447695665761,
      0.021114429601679596,
      0.027955269801925985
    ],
    [
      0.0,
      0.0,
      0.0
    ],
    [
      0.02635518121071882,
      0.024580670243271773,
      0.017896743841868786
    ],
    [
      0.022525457646844837,
      0.011400863038057868,
      0.014812865720780638
    ],
    [
      0.005710176157916981,
      -0.012393783452950034,
      0.008365744935360946
    ],
    [
      0.021544726546761695,
      0.0035149698333695905,
      0.02799250932226156
    ],
    [
      0.012449037175461936,
      0.0002459798918034617,
      0.007641017394707809
    ],
    [
      0.011167006026984864,
      -0.006306586671832965,
      0.020842917869496564
    ],
    [
      0.03154727122153076,
      0.013666113045989777,
      0.02589569620707503
    ],
    [
      0.023557271035851642,
      0.012277176846117075,
      0.03923714842852769
    ],
    [
      0.009940458198463037,
      0.009498520119836602,
      0.03635213450249745
    ],
    [
      -0.002635242833575433,
      -0.012919689358932604,
      0.021687803644715
    ]
  ],
  "dimensions": [
    0.010243348285857608,
    0.010243348285857608,
    0.010243348285857608,
    0.010243348285857608,
    0.010243348285857608,
    0.010243348285857608,
    0.010243348285857608,
    0.010243348285857608,
    0.010243348285857608,
    0.010243348285857608,
    0.010243348285857608,
    0.010243348285857608,
    0.010243348285857608,
    0.010243348285857608,
    0.010243348285857608,
    0.010243348285857608,
    0.010243348285857608,
    0.010243348285857608,
    0.010243348285857608
  ],
  "label": null
}