{
    "comment": "Datas are in meters",
    "scapula": {
        "insertion": {
            "point_stl": [
                0.0033188640970367054,
                0.10695832248296336,
                -0.04223174379583593
            ],
            "intersection_triangle_index": [
                142779.0
            ],
            "axis_dir_vec": [
                0.5110882615376492,
                0.27018590858716995,
                -0.8159585551480841
            ]
        },
        "ref_points": {
            "point_red": [
                -0.00040584580963493657,
                0.12628939458985533,
                -0.03690714563855555
            ],
            "point_green": [
                0.006591734475794902,
                0.09732117326429754,
                -0.05043708399287235
            ],
            "point_blue": [
                0.023118723830363494,
                0.1433282873627639,
                -0.03797881478631606
            ]
        },
        "bone_base": {
            "R_bone2stl": [
                -0.06051584353064935,
                2.565301144942155,
                0.36464449119894277
            ],
            "T_bone2stl": [
                0.0033188640970367054,
                0.10695832248296336,
                -0.04223174379583593
            ],
            "p_dir_boneBase_stl": [
                0.0006532213509745453,
                0.12628493960173126,
                -0.03675947936350991
            ]
        },
        "optimization": {
            "pre_solution": {
                "R_compoBone2stl": [
                    -0.05384983060169653,
                    -0.8450988491515424,
                    -0.9889551905766574
                ],
                "T_compoBone2stl": [
                    0.054320297408577446,
                    0.20379102556684328,
                    -0.026030907504050148
                ]
            },
            "full_solution": {
                "R_compoBone2stl": [
                    -0.02124820344951513,
                    -0.9108741853974561,
                    -0.9380614402661743
                ],
                "T_compoBone2stl": [
                    0.050062223768262894,
                    0.2055728822344364,
                    -0.02524083815951835
                ]
            }
        },
        "drilling_axis": {
            "entrypoint": [
                0.003289884518406874,
                0.10694300204669431,
                -0.04218547701163048
            ],
            "exitpoint": [
                -0.01740567333966216,
                0.09600233185286287,
                -0.009144769732891567
            ],
            "R_axisStl2boneStl": [
                [
                    0.2880860822107836
                ],
                [
                    -0.5449485339444069
                ],
                [
                    -7.398604836238638e-18
                ]
            ],
            "T_axisStl2boneStl": [
                -0.0070578944106276425,
                0.10147266694977859,
                -0.025665123372261026
            ]
        }
    }
}