{
  "ids": [
    169,
    185,
    171,
    177,
    170,
    183,
    184,
    180,
    175,
    178,
    174,
    168,
    182,
    166,
    179,
    176,
    167,
    172,
    181,
    173
  ],
  "rvecs": [
    [
      0.21770286753302823,
      2.069958655105888,
      0.5020174566902048
    ],
    [
      -1.4875382765533824,
      -1.1760877971036703,
      -1.5897610638547124
    ],
    [
      2.145928413183407,
      0.6313903786227858,
      -1.1186421577314758
    ],
    [
      -1.5940650659029834,
      -1.4958405463999032,
      -0.9354882323301975
    ],
    [
      -2.5313139297082037,
      -1.8484476884487693,
      -0.0016598672403271885
    ],
    [
      -1.4025877032559646,
      -1.1693251397105247,
      1.3856164880118038
    ],
    [
      -2.3213083299153126,
      0.3378745288787466,
      0.791425021391642
    ],
    [
      -2.485395399653916,
      0.2660823731678876,
      1.4902368146512508
    ],
    [
      1.526380038373733,
      -0.16543505161986247,
      -0.46801111339955404
    ],
    [
      0.21678623689252988,
      -1.0717418130363863,
      0.179083934736308
    ],
    [
      0.04721534165245983,
      -2.6748838158927617,
      0.518911177449635
    ],
    [
      1.090521717308721,
      -0.002478571721360769,
      -0.017763277774041783
    ],
    [
      0.6255114435252872,
      -0.10160289903383508,
      -1.8457328257653276
    ],
    [
      0.0,
      0.0,
      0.0
    ],
    [
      -1.204265448834113,
      -0.03517089639502431,
      -1.186169516088134
    ],
    [
      -0.1672378912313513,
      1.5181967576844355,
      -0.08028087125064506
    ],
    [
      1.0034918655627139,
      0.6186796250127495,
      1.2030582399624241
    ],
    [
      1.0092476398829748,
      -0.1420115175121087,
      1.3671504597294313
    ],
    [
      -0.5852186867358286,
      0.11470797839758073,
      -1.2080450000524723
    ],
    [
      -2.5712819703745864,
      0.799591913197298,
      -0.5439046049169114
    ]
  ],
  "tvecs": [
    [
      -0.011693586438510276,
      -0.0036640474026287274,
      0.02085946676514682
    ],
    [
      0.009079384388229675,
      -0.034052470370813874,
      0.0031059497341659353
    ],
    [
      0.009203026257578144,
      0.00995143783585964,
      0.02060164114632293
    ],
    [
      0.00016902757943737138,
      -0.012916949077303605,
      0.020893328526619244
    ],
    [
      0.0012766384242020566,
      -0.0012063036059515378,
      0.028700107943518433
    ],
    [
      0.029957050616058894,
      -0.020180379324803672,
      0.0031632809191368696
    ],
    [
      0.021267172403625523,
      -0.030774750620932486,
      0.01063402668092235
    ],
    [
      0.01332426142514231,
      -0.003940186222019919,
      0.020522396019895084
    ],
    [
      0.020949976301184222,
      -0.007817863411643897,
      0.0015627721243541611
    ],
    [
      0.013169751003932377,
      0.0029030818457575704,
      0.007544292147438662
    ],
    [
      0.02166402011661192,
      -0.01576543181229395,
      0.01349422703199936
    ],
    [
      0.0012684535631853886,
      0.012239917255645582,
      0.007274064336537342
    ],
    [
      0.022273898267923226,
      -0.017771786978119545,
      -0.010687702561823168
    ],
    [
      0.0,
      0.0,
      0.0
    ],
    [
      -0.007511154347331024,
      -0.010858586905297339,
      0.009058805638061686
    ],
    [
      0.0010646092832824147,
      -0.022403250663533426,
      0.00035523663271224944
    ],
    [
      -0.011087273352447115,
      0.004453410828005253,
      0.007536030082517927
    ],
    [
      0.008764569684370303,
      -0.01186401697726855,
      -0.007012903287614861
    ],
    [
      0.009152052980932546,
      -0.026159892852765747,
      -0.010468554397145564
    ],
    [
      0.008411097490851128,
      -0.024400583893666884,
      0.013693640337371553
    ]
  ],
  "dimensions": [
    0.010273871024805736,
    0.010273871024805736,
    0.010273871024805736,
    0.010273871024805736,
    0.010273871024805736,
    0.010273871024805736,
    0.010273871024805736,
    0.010273871024805736,
    0.010273871024805736,
    0.010273871024805736,
    0.010273871024805736,
    0.010273871024805736,
    0.010273871024805736,
    0.010273871024805736,
    0.010273871024805736,
    0.010273871024805736,
    0.010273871024805736,
    0.010273871024805736,
    0.010273871024805736,
    0.010273871024805736
  ],
  "label": null
}