{
  "ids": [
    169,
    185,
    171,
    177,
    170,
    183,
    184,
    180,
    175,
    178,
    174,
    168,
    182,
    166,
    179,
    176,
    167,
    172,
    181,
    173
  ],
  "rvecs": [
    [
      0.21770286753302823,
      2.069958655105888,
      0.5020174566902048
    ],
    [
      -1.4875382765533824,
      -1.1760877971036703,
      -1.5897610638547124
    ],
    [
      2.145928413183407,
      0.6313903786227858,
      -1.1186421577314758
    ],
    [
      -1.5940650659029834,
      -1.4958405463999032,
      -0.9354882323301975
    ],
    [
      -2.5313139297082037,
      -1.8484476884487693,
      -0.0016598672403271885
    ],
    [
      -1.4025877032559646,
      -1.1693251397105247,
      1.3856164880118038
    ],
    [
      -2.3213083299153126,
      0.3378745288787466,
      0.791425021391642
    ],
    [
      -2.485395399653916,
      0.2660823731678876,
      1.4902368146512508
    ],
    [
      1.526380038373733,
      -0.16543505161986247,
      -0.46801111339955404
    ],
    [
      0.21678623689252988,
      -1.0717418130363863,
      0.179083934736308
    ],
    [
      0.04721534165245983,
      -2.6748838158927617,
      0.518911177449635
    ],
    [
      1.090521717308721,
      -0.002478571721360769,
      -0.017763277774041783
    ],
    [
      0.6255114435252872,
      -0.10160289903383508,
      -1.8457328257653276
    ],
    [
      0.0,
      0.0,
      0.0
    ],
    [
      -1.204265448834113,
      -0.03517089639502431,
      -1.186169516088134
    ],
    [
      -0.1672378912313513,
      1.5181967576844355,
      -0.08028087125064506
    ],
    [
      1.0034918655627139,
      0.6186796250127495,
      1.2030582399624241
    ],
    [
      1.0092476398829748,
      -0.1420115175121087,
      1.3671504597294313
    ],
    [
      -0.5852186867358286,
      0.11470797839758073,
      -1.2080450000524723
    ],
    [
      -2.5712819703745864,
      0.799591913197298,
      -0.5439046049169114
    ]
  ],
  "tvecs": [
    [
      -0.011381869998442368,
      -0.0035663747323497366,
      0.020303415056294464
    ],
    [
      0.008837354845420939,
      -0.03314473219353827,
      0.003023154297602898
    ],
    [
      0.008957700788104024,
      0.009686161926534218,
      0.020052462306156385
    ],
    [
      0.00016452180393277562,
      -0.012572621406397153,
      0.020336374163324972
    ],
    [
      0.001242607018444828,
      -0.001174147118490177,
      0.02793504792324479
    ],
    [
      0.02915848422053297,
      -0.019642430079255598,
      0.003078957202693405
    ],
    [
      0.02070025246791304,
      -0.02995438676096714,
      0.01035055497119541
    ],
    [
      0.012969076011341356,
      -0.003835152507274562,
      0.01997532962049534
    ],
    [
      0.02039151187571031,
      -0.0076094622881366395,
      0.001521113240161306
    ],
    [
      0.012818684381120502,
      0.0028256942672807823,
      0.007343183624967994
    ],
    [
      0.021086521394229354,
      -0.01534517201377078,
      0.013134510837656264
    ],
    [
      0.0012346403416227168,
      0.011913637251327108,
      0.007080159288523756
    ],
    [
      0.021680141997251122,
      -0.017298043683058192,
      -0.010402800011814687
    ],
    [
      0.0,
      0.0,
      0.0
    ],
    [
      -0.007310929180632817,
      -0.010569129083944927,
      0.008817324663887315
    ],
    [
      0.0010362299475163452,
      -0.021806046240450093,
      0.0003457670744109487
    ],
    [
      -0.010791719426570043,
      0.004334696062713577,
      0.007335141802269629
    ],
    [
      0.008530932170755014,
      -0.011547757362948677,
      -0.006825960020991663
    ],
    [
      0.008908086308301304,
      -0.025462547456167228,
      -0.010189493689252838
    ],
    [
      0.008186882500805162,
      -0.023750136472175797,
      0.013328608373911798
    ]
  ],
  "dimensions": [
    0.01,
    0.01,
    0.01,
    0.01,
    0.01,
    0.01,
    0.01,
    0.01,
    0.01,
    0.01,
    0.01,
    0.01,
    0.01,
    0.01,
    0.01,
    0.01,
    0.01,
    0.01,
    0.01,
    0.01
  ],
  "label": null
}