{
  "ids": [
    169,
    185,
    171,
    177,
    170,
    183,
    184,
    180,
    175,
    178,
    174,
    168,
    182,
    166,
    179,
    176,
    167,
    172,
    181,
    173
  ],
  "rvecs": [
    [
      0.2177028675330281,
      2.069958655105888,
      0.5020174566902047
    ],
    [
      -1.487538276553382,
      -1.1760877971036705,
      -1.5897610638547122
    ],
    [
      2.1459284131834067,
      0.6313903786227861,
      -1.1186421577314758
    ],
    [
      -1.5940650659029836,
      -1.4958405463999032,
      -0.935488232330198
    ],
    [
      -2.531313929708246,
      -1.8484476884488001,
      -0.0016598672402739353
    ],
    [
      -1.4025877032559644,
      -1.1693251397105242,
      1.3856164880118034
    ],
    [
      -2.321308329915313,
      0.33787452887874697,
      0.7914250213916422
    ],
    [
      -2.485395399653916,
      0.26608237316788874,
      1.4902368146512506
    ],
    [
      1.5263800383737327,
      -0.16543505161986244,
      -0.4680111133995539
    ],
    [
      0.21678623689252985,
      -1.0717418130363863,
      0.17908393473630796
    ],
    [
      0.04721534165245982,
      -2.6748838158927613,
      0.518911177449635
    ],
    [
      1.0905217173087205,
      -0.002478571721360767,
      -0.017763277774041776
    ],
    [
      0.6255114435252873,
      -0.1016028990338351,
      -1.8457328257653278
    ],
    [
      0.0,
      0.0,
      0.0
    ],
    [
      -1.204265448834113,
      -0.03517089639502422,
      -1.1861695160881343
    ],
    [
      -0.1672378912313513,
      1.5181967576844357,
      -0.08028087125064504
    ],
    [
      1.0034918655627139,
      0.6186796250127496,
      1.2030582399624243
    ],
    [
      1.0092476398829746,
      -0.14201151751210875,
      1.3671504597294313
    ],
    [
      -0.5852186867358287,
      0.11470797839758078,
      -1.2080450000524725
    ],
    [
      -2.5712819703745864,
      0.7995919131972982,
      -0.5439046049169117
    ]
  ],
  "tvecs": [
    [
      -0.011406280076353036,
      -0.003574023342383695,
      0.020346958686949586
    ],
    [
      0.00885630783999305,
      -0.033215815899052675,
      0.0030296378922978436
    ],
    [
      0.008976911882077861,
      0.00970693531151528,
      0.02009546773208912
    ],
    [
      0.0001648746449028932,
      -0.012599585224127763,
      0.02037998847958541
    ],
    [
      0.0012452719701739141,
      -0.0011766652479930492,
      0.02799495870208324
    ],
    [
      0.029221018836696887,
      -0.019684556131359082,
      0.003085560474845665
    ],
    [
      0.020744647174194296,
      -0.030018628306047304,
      0.01037275324382549
    ],
    [
      0.01299689008371343,
      -0.003843377550392668,
      0.020018169624149776
    ],
    [
      0.020435244442825427,
      -0.007625781888284693,
      0.0015243754890455726
    ],
    [
      0.012846175916737956,
      0.002831754380181869,
      0.007358932151741041
    ],
    [
      0.021131744510480777,
      -0.01537808197008376,
      0.01316267970910793
    ],
    [
      0.0012372882076530606,
      0.0119391877815602,
      0.00709534372129943
    ],
    [
      0.021726638219342894,
      -0.017335141857089648,
      -0.01042511033154354
    ],
    [
      0.0,
      0.0,
      0.0
    ],
    [
      -0.007326608533052327,
      -0.010591796120593766,
      0.008836234700817855
    ],
    [
      0.0010384522935592804,
      -0.02185281248252858,
      0.00034650862226086
    ],
    [
      -0.01081486384062755,
      0.004343992449741753,
      0.007350873082182658
    ],
    [
      0.008549227997272736,
      -0.011572523210472998,
      -0.006840599286415562
    ],
    [
      0.008927190996797162,
      -0.02551715559764962,
      -0.010211346542506211
    ],
    [
      0.008204440462696968,
      -0.023801072098900946,
      0.013357193515799072
    ]
  ],
  "dimensions": [
    0.01021446456438186,
    0.01021446456438186,
    0.01021446456438186,
    0.01021446456438186,
    0.01021446456438186,
    0.01021446456438186,
    0.01021446456438186,
    0.01021446456438186,
    0.01021446456438186,
    0.01021446456438186,
    0.01021446456438186,
    0.01021446456438186,
    0.01021446456438186,
    0.01021446456438186,
    0.01021446456438186,
    0.01021446456438186,
    0.01021446456438186,
    0.01021446456438186,
    0.01021446456438186,
    0.01021446456438186
  ],
  "label": null
}