{
  "ids": [
    77,
    79,
    85,
    86,
    90,
    93,
    88,
    80,
    83,
    89,
    78,
    92,
    73,
    87,
    75,
    82,
    81,
    76,
    84,
    91
  ],
  "rvecs": [
    [
      0.25394597592463036,
      1.1203842506244515,
      1.0848159407766376
    ],
    [
      -1.5554601770834455,
      -2.0491640110649794,
      -1.600395195835262
    ],
    [
      0.962951816006979,
      1.782534453645061,
      0.3214169750805784
    ],
    [
      -0.3206678237982502,
      1.0870930560519316,
      -0.9433933849492366
    ],
    [
      2.0591417536838468,
      1.3959709807378136,
      1.527855444062634
    ],
    [
      -0.4321651899914712,
      -1.3174189770224127,
      -2.030818293055138
    ],
    [
      1.0187667738583144,
      0.47288087837600185,
      -0.6535434616845446
    ],
    [
      1.0643547454809488,
      -1.1852905705690815,
      2.599190779005016
    ],
    [
      1.0143188274878752,
      -2.165423416759579,
      1.4058756122189429
    ],
    [
      0.01792636920744582,
      2.2097730819324326,
      -1.0620604060534526
    ],
    [
      0.9220207215239217,
      -0.6409149295787046,
      0.10395683868221228
    ],
    [
      1.5847872867966193,
      2.028287073117495,
      -1.5667267180241264
    ],
    [
      -0.22129817443019317,
      -1.1675613501609474,
      1.0239025091995633
    ],
    [
      1.2149243080993226,
      -1.6663144853946197,
      -0.296520787461078
    ],
    [
      -1.0236905168890138,
      2.1758198096923995,
      1.3852576304953121
    ],
    [
      -2.1481603014715303,
      0.007129637973150278,
      0.8483972489655882
    ],
    [
      0.004918659702197608,
      -1.2552503648716378,
      -1.4612766511053392
    ],
    [
      1.290353981745706,
      -0.7299879232689378,
      -2.233675762127413
    ],
    [
      -0.12278204775785383,
      1.249916862716812,
      1.6473725068657323
    ],
    [
      -1.05137173408661,
      -1.7946360082564485,
      0.3666297403681861
    ]
  ],
  "tvecs": [
    [
      -0.024097536819810982,
      0.011049903357786033,
      -0.028295769583018927
    ],
    [
      -0.01917038603650104,
      0.00505585879362009,
      -0.01661414548159686
    ],
    [
      -0.024276966116748535,
      0.019290798446205702,
      -0.016779661380764792
    ],
    [
      -0.02480205278338842,
      0.018796607258635488,
      -0.00038680787968222233
    ],
    [
      -0.02449566592730996,
      0.010829365669278166,
      0.011606479267698479
    ],
    [
      -0.010573144801151412,
      0.002726309541823572,
      -0.028444029311294895
    ],
    [
      -0.013119361453570755,
      0.02881355315476732,
      -0.0002563221769864292
    ],
    [
      -0.020258900350212224,
      0.02579199781707263,
      -0.028159856894643162
    ],
    [
      -0.012644859796072598,
      0.028512018097884152,
      -0.01626537713863876
    ],
    [
      -0.020765936562263797,
      0.026116295716507594,
      0.01120545287821213
    ],
    [
      -0.004769641401181485,
      0.027127718878414874,
      -0.02843014805126049
    ],
    [
      -0.005085450997442641,
      0.026826512532040436,
      0.012024398190969026
    ],
    [
      0.0,
      0.020874009785433023,
      0.0
    ],
    [
      0.00041171841826847296,
      0.020965830561453645,
      -0.016585145202452526
    ],
    [
      -0.011180944707127528,
      0.0028091527043709215,
      0.011660224602810174
    ],
    [
      -0.0031603373352825713,
      0.0060826459811499315,
      -0.016610887979057024
    ],
    [
      -0.003222392040901021,
      0.0061476283524937066,
      1.765286810441859e-05
    ],
    [
      0.0012346654710916382,
      0.012649918064992145,
      -0.02839707224144887
    ],
    [
      -0.01924983014549384,
      0.005052339340471557,
      -0.0004887984257243971
    ],
    [
      0.0007255368245590397,
      0.012783328664939688,
      0.011409226961207804
    ]
  ],
  "dimensions": [
    0.010268114623805969,
    0.010268114623805969,
    0.010268114623805969,
    0.010268114623805969,
    0.010268114623805969,
    0.010268114623805969,
    0.010268114623805969,
    0.010268114623805969,
    0.010268114623805969,
    0.010268114623805969,
    0.010268114623805969,
    0.010268114623805969,
    0.010268114623805969,
    0.010268114623805969,
    0.010268114623805969,
    0.010268114623805969,
    0.010268114623805969,
    0.010268114623805969,
    0.010268114623805969,
    0.010268114623805969
  ],
  "label": null
}