{
  "ids": [
    77,
    79,
    85,
    86,
    90,
    93,
    88,
    80,
    83,
    89,
    78,
    92,
    73,
    87,
    75,
    82,
    81,
    76,
    84,
    91
  ],
  "rvecs": [
    [
      -2.0635628459306417,
      1.4299559686817005,
      -1.476840527666322
    ],
    [
      0.13435189954641988,
      1.2684896764732174,
      -1.624188450578141
    ],
    [
      -1.3108935520199383,
      0.3387089732406526,
      -1.8784335034229096
    ],
    [
      2.131298129917187,
      1.2383050959955826,
      1.4269263412345778
    ],
    [
      -0.24682543410794094,
      1.1581468296338562,
      -1.0581756094041093
    ],
    [
      0.9533333392810328,
      2.216556947271231,
      -1.4379101251806115
    ],
    [
      -1.9475174003383586,
      -0.7441851346069427,
      -0.5384659793248094
    ],
    [
      -0.12055325307744728,
      2.207415871513007,
      1.006632232986946
    ],
    [
      -0.47141393785847596,
      1.284831805354944,
      1.9789836694882479
    ],
    [
      -1.0575215577197978,
      -1.2751373202862002,
      -2.65311098132972
    ],
    [
      -2.1021581169586008,
      0.1225365178383548,
      0.7554624082141005
    ],
    [
      -0.15333686756318876,
      -1.241403564716002,
      -1.6071231656857916
    ],
    [
      2.0929688896106393,
      -1.3631933623401116,
      -1.5544564725293062
    ],
    [
      -1.218881516156101,
      -0.2966942117608538,
      1.667289052558391
    ],
    [
      0.46916845412817815,
      -1.2636462590679614,
      1.9848052105229448
    ],
    [
      0.8509347075683912,
      -0.7075682025308766,
      0.005946159221412559
    ],
    [
      -1.7911352252019246,
      -1.953944151916638,
      1.6784563742785246
    ],
    [
      -0.5598475207684296,
      -1.989056039410574,
      0.65004371363727
    ],
    [
      1.5518092483145398,
      -2.082116095046263,
      1.5797714278258914
    ],
    [
      1.2266265819266169,
      -0.3764255427275639,
      -1.842586018057205
    ]
  ],
  "tvecs": [
    [
      -0.01610686333973256,
      0.004799198807091662,
      -0.1344664012521139
    ],
    [
      -0.01117971255642262,
      0.010793243371257607,
      -0.14614802535353597
    ],
    [
      -0.016286292636670113,
      -0.003441696281328007,
      -0.14598250945436805
    ],
    [
      -0.016811379303310003,
      -0.0029475050937577893,
      -0.1623753629554506
    ],
    [
      -0.01650499244723154,
      0.005019736495599534,
      -0.1743686501028313
    ],
    [
      -0.0025824713210729922,
      0.013122792623054123,
      -0.13431814152383795
    ],
    [
      -0.005128687973492335,
      -0.01296445098988962,
      -0.1625058486581464
    ],
    [
      -0.012268226870133804,
      -0.009942895652194934,
      -0.1346023139404897
    ],
    [
      -0.004654186315994178,
      -0.012662915933006457,
      -0.14649679369649407
    ],
    [
      -0.012775263082185377,
      -0.010267193551629895,
      -0.17396762371334495
    ],
    [
      0.0032210320788969345,
      -0.011278616713537179,
      -0.13433202278387235
    ],
    [
      0.0029052224826357793,
      -0.010977410367162738,
      -0.17478656902610187
    ],
    [
      0.00799067348007842,
      -0.0050249076205553245,
      -0.16276217083513284
    ],
    [
      0.008402391898346892,
      -0.00511672839657595,
      -0.1461770256326803
    ],
    [
      -0.0031902712270491084,
      0.013039949460506779,
      -0.17442239543794302
    ],
    [
      0.004830336144795848,
      0.009766456183727765,
      -0.14615128285607581
    ],
    [
      0.0047682814391773985,
      0.009701473812383992,
      -0.16277982370323726
    ],
    [
      0.009225338951170059,
      0.0031991840998855502,
      -0.13436509859368395
    ],
    [
      -0.011259156665415422,
      0.010796762824406142,
      -0.16227337240940845
    ],
    [
      0.00871621030463746,
      0.003065773499938012,
      -0.17417139779634064
    ]
  ],
  "dimensions": [
    0.010268114623805969,
    0.010268114623805969,
    0.010268114623805969,
    0.010268114623805969,
    0.010268114623805969,
    0.010268114623805969,
    0.010268114623805969,
    0.010268114623805969,
    0.010268114623805969,
    0.010268114623805969,
    0.010268114623805969,
    0.010268114623805969,
    0.010268114623805969,
    0.010268114623805969,
    0.010268114623805969,
    0.010268114623805969,
    0.010268114623805969,
    0.010268114623805969,
    0.010268114623805969,
    0.010268114623805969
  ],
  "label": null
}