{
  "ids": [
    77,
    79,
    85,
    86,
    90,
    93,
    88,
    80,
    83,
    89,
    78,
    92,
    73,
    87,
    75,
    82,
    81,
    76,
    84,
    91
  ],
  "rvecs": [
    [
      1.583684877355389,
      1.5484000680087595,
      0.027020291206562273
    ],
    [
      -2.6405798837240027,
      -0.4460001451521479,
      -0.5496308139860623
    ],
    [
      -2.3497546117493693,
      -1.883294622100869,
      0.8824490816141788
    ],
    [
      -0.08178495253037893,
      2.5436590368485663,
      -1.5541386941647692
    ],
    [
      -3.1381067445301443,
      -0.0616962345272182,
      0.012893433990120926
    ],
    [
      -2.073560407051396,
      -0.07854371659698317,
      -1.9097481020533273
    ],
    [
      0.9658158694594823,
      1.04565495028734,
      -2.193407782060467
    ],
    [
      1.2084393697422136,
      -1.1525257082691782,
      0.8348332984508362
    ],
    [
      0.3986429975630982,
      -1.4607585049357785,
      0.006493657758610083
    ],
    [
      -0.5458730977803847,
      -2.0679061903034914,
      0.9217311994763003
    ],
    [
      0.6135666256812057,
      0.05044357401573454,
      -1.3501235768758593
    ],
    [
      -0.9619335266236446,
      -0.7395263891635332,
      1.4048759814132399
    ],
    [
      0.0,
      0.0,
      0.0
    ],
    [
      0.054690200752654405,
      -1.0218711893551042,
      -1.5058451887149311
    ],
    [
      -1.1674621764233604,
      -2.366281960908578,
      -1.6534093503031764
    ],
    [
      -0.9190190507978203,
      1.3717859442828058,
      1.1944518701555211
    ],
    [
      -1.305813354965107,
      -0.04421704078310566,
      -1.9205364786221106
    ],
    [
      0.567670622760963,
      0.5928308296640075,
      2.7831127664766298
    ],
    [
      1.546376140519813,
      1.4887547609852523,
      0.8257774826995432
    ],
    [
      -1.0935952067230155,
      -0.1684557636303448,
      0.07171833514833555
    ]
  ],
  "tvecs": [
    [
      -0.026434373305632242,
      0.025461754644601323,
      0.011435815779199162
    ],
    [
      -0.023244851356762814,
      0.012123981147771577,
      0.014367790303397852
    ],
    [
      -0.012682127468595336,
      0.022926121695457144,
      0.01367447494081338
    ],
    [
      -0.0023727442384468343,
      0.012679736651667833,
      0.021288527593222206
    ],
    [
      -0.0005764740265067765,
      0.0005837905847882593,
      0.0288958431592499
    ],
    [
      -0.03253829458314177,
      0.013524125839078822,
      0.0029241450869046367
    ],
    [
      0.005557958098717307,
      0.01175575754719997,
      0.00813209451406875
    ],
    [
      -0.015093630489054124,
      0.031455065159018636,
      0.0032168905029157442
    ],
    [
      -0.005104915287368918,
      0.021348027393917255,
      0.0009978526959947523
    ],
    [
      0.010824273566988613,
      0.007275215156782898,
      0.020351270315792265
    ],
    [
      -0.013916719367416647,
      0.02387802015184994,
      -0.010310031542556893
    ],
    [
      0.012242225904227706,
      -0.0014354905262211643,
      0.007344897855635832
    ],
    [
      0.0,
      0.0,
      0.0
    ],
    [
      -0.010742144813063681,
      0.010205542742621313,
      -0.007463123115759459
    ],
    [
      -0.006323403670311885,
      -0.011197000780351189,
      0.020541547245476025
    ],
    [
      -0.022112011325187066,
      0.003918899212874099,
      0.0006284575008319305
    ],
    [
      -0.01121506432196061,
      -0.00641838115286016,
      0.0077638358965353045
    ],
    [
      -0.024730036631901035,
      0.012532062668566522,
      -0.010340526524009819
    ],
    [
      -0.012728481942552269,
      0.002073146517737016,
      0.021326226838201765
    ],
    [
      0.0013309382384761649,
      -0.0120285856678986,
      0.007049660613464735
    ]
  ],
  "dimensions": [
    0.010268114623805969,
    0.010268114623805969,
    0.010268114623805969,
    0.010268114623805969,
    0.010268114623805969,
    0.010268114623805969,
    0.010268114623805969,
    0.010268114623805969,
    0.010268114623805969,
    0.010268114623805969,
    0.010268114623805969,
    0.010268114623805969,
    0.010268114623805969,
    0.010268114623805969,
    0.010268114623805969,
    0.010268114623805969,
    0.010268114623805969,
    0.010268114623805969,
    0.010268114623805969,
    0.010268114623805969
  ],
  "label": null
}