{
  "ids": [
    77,
    79,
    85,
    86,
    90,
    93,
    88,
    80,
    83,
    89,
    78,
    92,
    73,
    87,
    75,
    82,
    81,
    76,
    84,
    91
  ],
  "rvecs": [
    [
      1.583684877355389,
      1.5484000680087595,
      0.027020291206562273
    ],
    [
      -2.6405798837240027,
      -0.4460001451521479,
      -0.5496308139860623
    ],
    [
      -2.3497546117493693,
      -1.883294622100869,
      0.8824490816141788
    ],
    [
      -0.08178495253037893,
      2.5436590368485663,
      -1.5541386941647692
    ],
    [
      -3.1381067445301443,
      -0.0616962345272182,
      0.012893433990120926
    ],
    [
      -2.073560407051396,
      -0.07854371659698317,
      -1.9097481020533273
    ],
    [
      0.9658158694594823,
      1.04565495028734,
      -2.193407782060467
    ],
    [
      1.2084393697422136,
      -1.1525257082691782,
      0.8348332984508362
    ],
    [
      0.3986429975630982,
      -1.4607585049357785,
      0.006493657758610083
    ],
    [
      -0.5458730977803847,
      -2.0679061903034914,
      0.9217311994763003
    ],
    [
      0.6135666256812057,
      0.05044357401573454,
      -1.3501235768758593
    ],
    [
      -0.9619335266236446,
      -0.7395263891635332,
      1.4048759814132399
    ],
    [
      0.0,
      0.0,
      0.0
    ],
    [
      0.054690200752654405,
      -1.0218711893551042,
      -1.5058451887149311
    ],
    [
      -1.1674621764233604,
      -2.366281960908578,
      -1.6534093503031764
    ],
    [
      -0.9190190507978203,
      1.3717859442828058,
      1.1944518701555211
    ],
    [
      -1.305813354965107,
      -0.04421704078310566,
      -1.9205364786221106
    ],
    [
      0.567670622760963,
      0.5928308296640075,
      2.7831127664766298
    ],
    [
      1.546376140519813,
      1.4887547609852523,
      0.8257774826995432
    ],
    [
      -1.0935952067230155,
      -0.1684557636303448,
      0.07171833514833555
    ]
  ],
  "tvecs": [
    [
      -0.025744135388151818,
      0.02479691314077257,
      0.011137210868961234
    ],
    [
      -0.02263789625299966,
      0.011807407291366713,
      0.013992627497639194
    ],
    [
      -0.012350979642545704,
      0.022327489062407224,
      0.013317415554662763
    ],
    [
      -0.002310788616389009,
      0.012348651253143078,
      0.020732654799028163
    ],
    [
      -0.0005614214952083396,
      0.0005685470080697951,
      0.02814133287162254
    ],
    [
      -0.0316886748690006,
      0.013170992275177762,
      0.0028477916287817755
    ],
    [
      0.005412832153072713,
      0.011448798516472533,
      0.00791975431907919
    ],
    [
      -0.014699514995733009,
      0.030633730057991443,
      0.003132893058534416
    ],
    [
      -0.004971618913888532,
      0.02079060097792755,
      0.0009717973869139468
    ],
    [
      0.010541636866706986,
      0.007085249262718373,
      0.019819870600790865
    ],
    [
      -0.013553334645438824,
      0.02325453213824695,
      -0.010040822410234632
    ],
    [
      0.011922564514273036,
      -0.0013980078902635846,
      0.007153112450271206
    ],
    [
      0.0,
      0.0,
      0.0
    ],
    [
      -0.010461652607732587,
      0.00993906195686637,
      -0.007268250685921137
    ],
    [
      -0.006158290885895914,
      -0.010904631658855518,
      0.020005179137610872
    ],
    [
      -0.02153463623586922,
      0.0038165713536040804,
      0.0006120476093779591
    ],
    [
      -0.01092222353649929,
      -0.006250788375481857,
      0.007561111441564303
    ],
    [
      -0.024084301293799373,
      0.0122048332412571,
      -0.010070521125695236
    ],
    [
      -0.01239612373730431,
      0.0020190138050568294,
      0.02076936966476618
    ],
    [
      0.0012961856068401004,
      -0.01171450271894228,
      0.006865584259373719
    ]
  ],
  "dimensions": [
    0.01,
    0.01,
    0.01,
    0.01,
    0.01,
    0.01,
    0.01,
    0.01,
    0.01,
    0.01,
    0.01,
    0.01,
    0.01,
    0.01,
    0.01,
    0.01,
    0.01,
    0.01,
    0.01,
    0.01
  ],
  "label": null
}