{
  "ids": [
    151,
    161,
    163,
    147,
    149,
    154,
    150,
    153,
    160,
    158,
    155,
    145,
    148,
    152,
    156,
    157,
    159,
    162,
    165,
    146
  ],
  "rvecs": [
    [
      -1.6741088311761376,
      1.8489521287328312,
      1.4691706687578132
    ],
    [
      -2.380192745117602,
      -1.4342932394613843,
      0.6505311462642305
    ],
    [
      -1.9012471978826806,
      0.5402996911863481,
      1.7033508464438742
    ],
    [
      1.7826777671378042,
      -1.2462089169497255,
      -0.9211139250151251
    ],
    [
      1.1805138902872774,
      -0.10968809236823761,
      -1.1625795280382711
    ],
    [
      0.741339595100718,
      -0.2858416633916694,
      -2.8390250263708174
    ],
    [
      0.0,
      0.0,
      0.0
    ],
    [
      -0.9029351089225253,
      -0.6981411841417559,
      0.8492693769291099
    ],
    [
      -0.5719364141657662,
      -1.57588779005617,
      1.2145775107695225
    ],
    [
      0.5826626275283503,
      0.9911307247680534,
      -2.121935883088993
    ],
    [
      -0.643115096054322,
      0.2779584699913842,
      -2.221733424569268
    ],
    [
      1.9064355152041437,
      -2.485406375989837,
      0.00827781240112735
    ],
    [
      -1.956589622311036,
      1.5294372095582294,
      -1.504006747812198
    ],
    [
      -1.9477065389908543,
      0.7413189799766219,
      -0.46918426128195806
    ],
    [
      -0.9534294864383359,
      -2.4426084113520075,
      -1.2589804967022422
    ],
    [
      2.0020474507949912,
      1.7374048867362542,
      0.437043572132725
    ],
    [
      0.9475631322212342,
      1.1903583768959216,
      0.0033538904737404635
    ],
    [
      -1.4150753275572934,
      0.15349011852240224,
      -2.1991456978185733
    ],
    [
      0.7905365744848515,
      1.6201475310220217,
      1.3298522458575315
    ],
    [
      0.9891306206121705,
      -1.1100903166962597,
      2.355090786205878
    ]
  ],
  "tvecs": [
    [
      0.0069702297020325715,
      -0.010529344469975914,
      0.018969261708335905
    ],
    [
      0.004320669515359349,
      -0.023475508818413385,
      0.013681901680092598
    ],
    [
      0.008187260092259094,
      -0.03249815085819073,
      0.002516573429633326
    ],
    [
      0.011999133964672082,
      0.0035791531758641052,
      0.020874557552784192
    ],
    [
      0.009026562334298332,
      0.010165858768903064,
      0.008059633991656592
    ],
    [
      0.00456808506819395,
      -0.02551020993533035,
      -0.010435876085857545
    ],
    [
      0.0,
      0.0,
      0.0
    ],
    [
      0.011362854570057349,
      -0.004046718395761831,
      0.007114679259540589
    ],
    [
      0.009951020839414593,
      -0.01757525579265162,
      0.0018194802382056274
    ],
    [
      -0.0014391511779685757,
      -0.01281434232051227,
      -0.007096223118076408
    ],
    [
      -0.010420524302145729,
      -0.023303609322308766,
      -0.010090407388401118
    ],
    [
      1.3793685677705647e-05,
      0.001872631449651907,
      0.027967707700689157
    ],
    [
      -0.011731590702325845,
      0.006616128287193583,
      0.019266760148548754
    ],
    [
      -0.0084814255788514,
      -0.007625786551212891,
      0.020845579075687886
    ],
    [
      -0.003587881526350305,
      -0.03472489666429613,
      0.010176936847893805
    ],
    [
      -0.009246277374519043,
      -0.0218105270683873,
      0.013875769442749425
    ],
    [
      -0.013297893983101813,
      -0.014489575442081017,
      0.0013314059547215498
    ],
    [
      -0.011736132108483996,
      -0.003051995219885789,
      0.007627121444814222
    ],
    [
      -0.015779949520634398,
      -0.02896488524856173,
      0.003084593603614414
    ],
    [
      -0.006107294687455546,
      0.01207395332050437,
      0.007966294177547158
    ]
  ],
  "dimensions": [
    0.01,
    0.01,
    0.01,
    0.01,
    0.01,
    0.01,
    0.01,
    0.01,
    0.01,
    0.01,
    0.01,
    0.01,
    0.01,
    0.01,
    0.01,
    0.01,
    0.01,
    0.01,
    0.01,
    0.01
  ],
  "label": null
}