{
  "ids": [
    151,
    161,
    163,
    147,
    149,
    154,
    150,
    153,
    160,
    158,
    155,
    145,
    148,
    152,
    156,
    157,
    159,
    162,
    165,
    146
  ],
  "rvecs": [
    [
      -1.6741088311761376,
      1.8489521287328312,
      1.4691706687578132
    ],
    [
      -2.380192745117602,
      -1.4342932394613843,
      0.6505311462642305
    ],
    [
      -1.9012471978826806,
      0.5402996911863481,
      1.7033508464438742
    ],
    [
      1.7826777671378042,
      -1.2462089169497255,
      -0.9211139250151251
    ],
    [
      1.1805138902872774,
      -0.10968809236823761,
      -1.1625795280382711
    ],
    [
      0.741339595100718,
      -0.2858416633916694,
      -2.8390250263708174
    ],
    [
      0.0,
      0.0,
      0.0
    ],
    [
      -0.9029351089225253,
      -0.6981411841417559,
      0.8492693769291099
    ],
    [
      -0.5719364141657662,
      -1.57588779005617,
      1.2145775107695225
    ],
    [
      0.5826626275283503,
      0.9911307247680534,
      -2.121935883088993
    ],
    [
      -0.643115096054322,
      0.2779584699913842,
      -2.221733424569268
    ],
    [
      1.9064355152041437,
      -2.485406375989837,
      0.00827781240112735
    ],
    [
      -1.956589622311036,
      1.5294372095582294,
      -1.504006747812198
    ],
    [
      -1.9477065389908543,
      0.7413189799766219,
      -0.46918426128195806
    ],
    [
      -0.9534294864383359,
      -2.4426084113520075,
      -1.2589804967022422
    ],
    [
      2.0020474507949912,
      1.7374048867362542,
      0.437043572132725
    ],
    [
      0.9475631322212342,
      1.1903583768959216,
      0.0033538904737404635
    ],
    [
      -1.4150753275572934,
      0.15349011852240224,
      -2.1991456978185733
    ],
    [
      0.7905365744848515,
      1.6201475310220217,
      1.3298522458575315
    ],
    [
      0.9891306206121705,
      -1.1100903166962597,
      2.355090786205878
    ]
  ],
  "tvecs": [
    [
      0.007150766499573213,
      -0.01080206634745685,
      0.019460586945370003
    ],
    [
      0.004432579720744257,
      -0.024083550929490088,
      0.014036278338995178
    ],
    [
      0.008399319347244296,
      -0.03333988955730699,
      0.002581755515042847
    ],
    [
      0.012309925045002093,
      0.003671857273132161,
      0.02141523209749231
    ],
    [
      0.009260360462380105,
      0.01042916595745282,
      0.00826838758693324
    ],
    [
      0.004686403614979354,
      -0.026170953096344252,
      -0.010706177026947374
    ],
    [
      0.0,
      0.0,
      0.0
    ],
    [
      0.011657165297636381,
      -0.004151532958688874,
      0.007298957463266317
    ],
    [
      0.010208763483689891,
      -0.01803047470686296,
      0.0018666068250523045
    ],
    [
      -0.001476426813916631,
      -0.013146248215157346,
      -0.007280023286957182
    ],
    [
      -0.010690427614751799,
      -0.02390719904288297,
      -0.010351760301240008
    ],
    [
      1.4150957668011649e-05,
      0.0019211347127216245,
      0.028692102820890544
    ],
    [
      -0.012035452110915845,
      0.0067874934593829105,
      0.019765790930158192
    ],
    [
      -0.008701104051160369,
      -0.007823303009283562,
      0.02138550304521036
    ],
    [
      -0.0036808116977238,
      -0.03562431058703581,
      0.010440530971162989
    ],
    [
      -0.009485766369534713,
      -0.022375444277421584,
      0.014235167494993782
    ],
    [
      -0.013642324410271823,
      -0.014864871760834187,
      0.0013658908680697964
    ],
    [
      -0.012040111144606971,
      -0.0031310453325308356,
      0.007824672478132216
    ],
    [
      -0.016188667980942466,
      -0.029715108390043366,
      0.0031644880511027805
    ],
    [
      -0.006265480496481133,
      0.012386682306394663,
      0.008172630166540695
    ]
  ],
  "dimensions": [
    0.010259011259683443,
    0.010259011259683443,
    0.010259011259683443,
    0.010259011259683443,
    0.010259011259683443,
    0.010259011259683443,
    0.010259011259683443,
    0.010259011259683443,
    0.010259011259683443,
    0.010259011259683443,
    0.010259011259683443,
    0.010259011259683443,
    0.010259011259683443,
    0.010259011259683443,
    0.010259011259683443,
    0.010259011259683443,
    0.010259011259683443,
    0.010259011259683443,
    0.010259011259683443,
    0.010259011259683443
  ],
  "label": null
}