{
  "ids": [
    208,
    214,
    220,
    221,
    224,
    211,
    213,
    212,
    226,
    206,
    215,
    209,
    210,
    225,
    218,
    222,
    207,
    223,
    216,
    217
  ],
  "rvecs": [
    [
      -2.0421101066536322,
      0.04945632820406145,
      -0.20867139753779382
    ],
    [
      -2.0710401730495764,
      -0.6701778677571464,
      0.9175934010619219
    ],
    [
      -1.5482732137623183,
      -2.0778421659573434,
      -0.042439603445931916
    ],
    [
      -1.318291232086813,
      1.304968321711204,
      1.4585518172179373
    ],
    [
      -1.5423036263088112,
      1.59334636956057,
      -0.015898349560899312
    ],
    [
      -0.7798236376193776,
      -0.8197907838997399,
      -0.6412332741203838
    ],
    [
      0.06791783109353275,
      3.138402892216483,
      0.004436913418686713
    ],
    [
      -1.3695124368523484,
      1.6063191443372358,
      -0.7243024767885207
    ],
    [
      2.044219888239144,
      1.565798706942225,
      -0.03136534661149712
    ],
    [
      -1.1220852897396847,
      2.417926930365412,
      -1.6459669284137932
    ],
    [
      0.8231361514296832,
      0.75895403996066,
      0.5768198886505463
    ],
    [
      1.4882639441106393,
      0.3009940683479898,
      0.009143574921202368
    ],
    [
      1.0189123575111505,
      0.6653355524164263,
      -1.3588708121318196
    ],
    [
      0.6381465563638739,
      -0.06074426160975949,
      1.8875573249341946
    ],
    [
      1.1321976027014178,
      1.209518603959541,
      0.7474744148781872
    ],
    [
      0.6691469666698676,
      -0.650268858798262,
      -0.07664580067212153
    ],
    [
      0.0,
      0.0,
      0.0
    ],
    [
      -0.38143975536059394,
      -0.40258772696751005,
      -0.3594624590686464
    ],
    [
      0.9821776885482896,
      -0.7391217937435556,
      -1.4055923754337605
    ],
    [
      0.9235218390436334,
      -1.423300791009148,
      -1.31004622817134
    ]
  ],
  "tvecs": [
    [
      -0.0030371539779522863,
      -0.012782759149043185,
      0.020928521321391
    ],
    [
      0.010911553567641678,
      -0.006474503627743047,
      0.02053715816510398
    ],
    [
      -0.013436350733846173,
      -0.02324797200961496,
      0.013476056005830992
    ],
    [
      -0.015271451897119072,
      -0.03178994815483255,
      0.0023896290418231624
    ],
    [
      -0.026862968831361272,
      -0.02548380996360895,
      0.01073019385581604
    ],
    [
      0.0059524198689761346,
      -0.01162438210076374,
      0.008131005036203079
    ],
    [
      -0.0008654203077762704,
      -0.0005991309553496987,
      0.02872277072228643
    ],
    [
      -0.013218037651441448,
      -0.0014114513939070257,
      0.021029766973512984
    ],
    [
      -0.02388662989933787,
      -0.011648001601464423,
      0.013537973023196787
    ],
    [
      -0.0060852074772103845,
      0.011306423122078482,
      0.021042049670502536
    ],
    [
      -0.011517220668986297,
      0.006417501369886683,
      0.008143476848612791
    ],
    [
      -0.02228033735247235,
      -0.0038055337140873663,
      0.0009980188100917671
    ],
    [
      0.001524655884140857,
      0.012176718971007468,
      0.007265925561100736
    ],
    [
      -0.024308707723060905,
      -0.01250179374609256,
      -0.01064750323366881
    ],
    [
      -0.032947814372927625,
      -0.014140018129568024,
      0.0019176079420274799
    ],
    [
      -0.010405220703782062,
      -0.010446362001667587,
      -0.007379211602761107
    ],
    [
      0.0,
      0.0,
      0.0
    ],
    [
      -0.014220303810921963,
      -0.02383683299347185,
      -0.010758223078104883
    ],
    [
      0.012064787924918132,
      0.0012975791513969717,
      0.007329948523471582
    ],
    [
      -0.005279191469482856,
      -0.02249727064549069,
      0.0008653233120748886
    ]
  ],
  "dimensions": [
    0.0102173449467757,
    0.0102173449467757,
    0.0102173449467757,
    0.0102173449467757,
    0.0102173449467757,
    0.0102173449467757,
    0.0102173449467757,
    0.0102173449467757,
    0.0102173449467757,
    0.0102173449467757,
    0.0102173449467757,
    0.0102173449467757,
    0.0102173449467757,
    0.0102173449467757,
    0.0102173449467757,
    0.0102173449467757,
    0.0102173449467757,
    0.0102173449467757,
    0.0102173449467757,
    0.0102173449467757
  ],
  "label": null
}