{
  "ids": [
    208,
    214,
    220,
    221,
    224,
    211,
    213,
    212,
    226,
    206,
    215,
    209,
    210,
    225,
    218,
    222,
    207,
    223,
    216,
    217
  ],
  "rvecs": [
    [
      -2.0421101066536327,
      0.04945632820406141,
      -0.2086713975377939
    ],
    [
      -2.0710401730495756,
      -0.6701778677571463,
      0.917593401061921
    ],
    [
      -1.5482732137623179,
      -2.0778421659573434,
      -0.04243960344593194
    ],
    [
      -1.318291232086813,
      1.304968321711204,
      1.458551817217937
    ],
    [
      -1.5423036263088112,
      1.59334636956057,
      -0.01589834956089927
    ],
    [
      -0.7798236376193775,
      -0.8197907838997398,
      -0.6412332741203837
    ],
    [
      0.06791783109353319,
      3.1384028922164977,
      0.004436913418682769
    ],
    [
      -1.3695124368523481,
      1.6063191443372358,
      -0.7243024767885207
    ],
    [
      2.044219888239144,
      1.5657987069422248,
      -0.031365346611497084
    ],
    [
      -1.1220852897396554,
      2.4179269303654136,
      -1.6459669284137968
    ],
    [
      0.8231361514296832,
      0.75895403996066,
      0.5768198886505463
    ],
    [
      1.4882639441106391,
      0.30099406834798986,
      0.009143574921202397
    ],
    [
      1.0189123575111505,
      0.6653355524164263,
      -1.3588708121318194
    ],
    [
      0.6381465563638736,
      -0.06074426160975951,
      1.8875573249341944
    ],
    [
      1.1321976027014178,
      1.209518603959541,
      0.7474744148781873
    ],
    [
      0.6691469666698676,
      -0.6502688587982619,
      -0.0766458006721215
    ],
    [
      0.0,
      0.0,
      0.0
    ],
    [
      -0.3814397553605938,
      -0.40258772696751,
      -0.3594624590686463
    ],
    [
      0.9821776885482896,
      -0.7391217937435558,
      -1.4055923754337605
    ],
    [
      0.9235218390436333,
      -1.423300791009148,
      -1.31004622817134
    ]
  ],
  "tvecs": [
    [
      -0.0030563113968015776,
      -0.012863388801950325,
      0.021060531898319513
    ],
    [
      0.010980380240082147,
      -0.006515342774766326,
      0.020666700145457673
    ],
    [
      -0.013521103038366414,
      -0.023394612957165824,
      0.013561058758807736
    ],
    [
      -0.01536777944671113,
      -0.0319904692204158,
      0.0024047020755846916
    ],
    [
      -0.02703241204997109,
      -0.025644553878765255,
      0.010797876567829396
    ],
    [
      0.005989965874685632,
      -0.011697705072988769,
      0.008182292876818016
    ],
    [
      -0.000870879108823931,
      -0.0006029100863191955,
      0.028903944990444543
    ],
    [
      -0.013301412905212775,
      -0.0014203543885311979,
      0.021162416176398052
    ],
    [
      -0.02403729930141677,
      -0.011721473558123967,
      0.013623366329383602
    ],
    [
      -0.006123591065685658,
      0.01137774050835832,
      0.021174776348804564
    ],
    [
      -0.011589867700364088,
      0.006457980964468091,
      0.008194843357525707
    ],
    [
      -0.022420874762779288,
      -0.0038295378323622733,
      0.0010043140010841216
    ],
    [
      0.001534272937337882,
      0.012253525911726022,
      0.007311756750534084
    ],
    [
      -0.024462039460245222,
      -0.012580651156977872,
      -0.01071466435906032
    ],
    [
      -0.0331556388970357,
      -0.014229208948278949,
      0.0019297036140944312
    ],
    [
      -0.01047085358663513,
      -0.010512254390980096,
      -0.007425757365168239
    ],
    [
      0.0,
      0.0,
      0.0
    ],
    [
      -0.014310001046639225,
      -0.02398718829221914,
      -0.010826082589699458
    ],
    [
      0.012140888839551826,
      0.001305763875475459,
      0.00737618354975845
    ],
    [
      -0.005312490960684378,
      -0.02263917640326597,
      0.0008707815013039548
    ]
  ],
  "dimensions": [
    0.010281792768023486,
    0.010281792768023486,
    0.010281792768023486,
    0.010281792768023486,
    0.010281792768023486,
    0.010281792768023486,
    0.010281792768023486,
    0.010281792768023486,
    0.010281792768023486,
    0.010281792768023486,
    0.010281792768023486,
    0.010281792768023486,
    0.010281792768023486,
    0.010281792768023486,
    0.010281792768023486,
    0.010281792768023486,
    0.010281792768023486,
    0.010281792768023486,
    0.010281792768023486,
    0.010281792768023486
  ],
  "label": null
}