{
  "ids": [
    208,
    214,
    220,
    221,
    224,
    211,
    213,
    212,
    226,
    206,
    215,
    209,
    210,
    225,
    218,
    222,
    207,
    223,
    216,
    217
  ],
  "rvecs": [
    [
      -2.0421101066536322,
      0.04945632820406145,
      -0.20867139753779382
    ],
    [
      -2.0710401730495764,
      -0.6701778677571464,
      0.9175934010619219
    ],
    [
      -1.5482732137623183,
      -2.0778421659573434,
      -0.042439603445931916
    ],
    [
      -1.318291232086813,
      1.304968321711204,
      1.4585518172179373
    ],
    [
      -1.5423036263088112,
      1.59334636956057,
      -0.015898349560899312
    ],
    [
      -0.7798236376193776,
      -0.8197907838997399,
      -0.6412332741203838
    ],
    [
      0.06791783109353275,
      3.138402892216483,
      0.004436913418686713
    ],
    [
      -1.3695124368523484,
      1.6063191443372358,
      -0.7243024767885207
    ],
    [
      2.044219888239144,
      1.565798706942225,
      -0.03136534661149712
    ],
    [
      -1.1220852897396847,
      2.417926930365412,
      -1.6459669284137932
    ],
    [
      0.8231361514296832,
      0.75895403996066,
      0.5768198886505463
    ],
    [
      1.4882639441106393,
      0.3009940683479898,
      0.009143574921202368
    ],
    [
      1.0189123575111505,
      0.6653355524164263,
      -1.3588708121318196
    ],
    [
      0.6381465563638739,
      -0.06074426160975949,
      1.8875573249341946
    ],
    [
      1.1321976027014178,
      1.209518603959541,
      0.7474744148781872
    ],
    [
      0.6691469666698676,
      -0.650268858798262,
      -0.07664580067212153
    ],
    [
      0.0,
      0.0,
      0.0
    ],
    [
      -0.38143975536059394,
      -0.40258772696751005,
      -0.3594624590686464
    ],
    [
      0.9821776885482896,
      -0.7391217937435556,
      -1.4055923754337605
    ],
    [
      0.9235218390436334,
      -1.423300791009148,
      -1.31004622817134
    ]
  ],
  "tvecs": [
    [
      -0.0030563113968015776,
      -0.012863388801950325,
      0.021060531898319513
    ],
    [
      0.010980380240082147,
      -0.006515342774766326,
      0.020666700145457673
    ],
    [
      -0.013521103038366414,
      -0.023394612957165824,
      0.013561058758807736
    ],
    [
      -0.01536777944671113,
      -0.0319904692204158,
      0.0024047020755846916
    ],
    [
      -0.02703241204997109,
      -0.025644553878765255,
      0.010797876567829396
    ],
    [
      0.005989965874685632,
      -0.011697705072988769,
      0.008182292876818016
    ],
    [
      -0.000870879108823931,
      -0.0006029100863191955,
      0.028903944990444543
    ],
    [
      -0.013301412905212775,
      -0.0014203543885311979,
      0.021162416176398052
    ],
    [
      -0.02403729930141677,
      -0.011721473558123967,
      0.013623366329383602
    ],
    [
      -0.006123591065685658,
      0.01137774050835832,
      0.021174776348804564
    ],
    [
      -0.011589867700364088,
      0.006457980964468091,
      0.008194843357525707
    ],
    [
      -0.022420874762779288,
      -0.0038295378323622733,
      0.0010043140010841216
    ],
    [
      0.001534272937337882,
      0.012253525911726022,
      0.007311756750534084
    ],
    [
      -0.024462039460245222,
      -0.012580651156977872,
      -0.01071466435906032
    ],
    [
      -0.0331556388970357,
      -0.014229208948278949,
      0.0019297036140944312
    ],
    [
      -0.01047085358663513,
      -0.010512254390980096,
      -0.007425757365168239
    ],
    [
      0.0,
      0.0,
      0.0
    ],
    [
      -0.014310001046639225,
      -0.02398718829221914,
      -0.010826082589699458
    ],
    [
      0.012140888839551826,
      0.001305763875475459,
      0.00737618354975845
    ],
    [
      -0.005312490960684378,
      -0.02263917640326597,
      0.0008707815013039548
    ]
  ],
  "dimensions": [
    0.010281792768023486,
    0.010281792768023486,
    0.010281792768023486,
    0.010281792768023486,
    0.010281792768023486,
    0.010281792768023486,
    0.010281792768023486,
    0.010281792768023486,
    0.010281792768023486,
    0.010281792768023486,
    0.010281792768023486,
    0.010281792768023486,
    0.010281792768023486,
    0.010281792768023486,
    0.010281792768023486,
    0.010281792768023486,
    0.010281792768023486,
    0.010281792768023486,
    0.010281792768023486,
    0.010281792768023486
  ],
  "label": null
}