{
  "ids": [
    208,
    214,
    220,
    221,
    224,
    211,
    213,
    212,
    226,
    206,
    215,
    209,
    210,
    225,
    218,
    222,
    207,
    223,
    216,
    217
  ],
  "rvecs": [
    [
      -2.0421101066536322,
      0.04945632820406145,
      -0.20867139753779382
    ],
    [
      -2.0710401730495764,
      -0.6701778677571464,
      0.9175934010619219
    ],
    [
      -1.5482732137623183,
      -2.0778421659573434,
      -0.042439603445931916
    ],
    [
      -1.318291232086813,
      1.304968321711204,
      1.4585518172179373
    ],
    [
      -1.5423036263088112,
      1.59334636956057,
      -0.015898349560899312
    ],
    [
      -0.7798236376193776,
      -0.8197907838997399,
      -0.6412332741203838
    ],
    [
      0.06791783109353275,
      3.138402892216483,
      0.004436913418686713
    ],
    [
      -1.3695124368523484,
      1.6063191443372358,
      -0.7243024767885207
    ],
    [
      2.044219888239144,
      1.565798706942225,
      -0.03136534661149712
    ],
    [
      -1.1220852897396847,
      2.417926930365412,
      -1.6459669284137932
    ],
    [
      0.8231361514296832,
      0.75895403996066,
      0.5768198886505463
    ],
    [
      1.4882639441106393,
      0.3009940683479898,
      0.009143574921202368
    ],
    [
      1.0189123575111505,
      0.6653355524164263,
      -1.3588708121318196
    ],
    [
      0.6381465563638739,
      -0.06074426160975949,
      1.8875573249341946
    ],
    [
      1.1321976027014178,
      1.209518603959541,
      0.7474744148781872
    ],
    [
      0.6691469666698676,
      -0.650268858798262,
      -0.07664580067212153
    ],
    [
      0.0,
      0.0,
      0.0
    ],
    [
      -0.38143975536059394,
      -0.40258772696751005,
      -0.3594624590686464
    ],
    [
      0.9821776885482896,
      -0.7391217937435556,
      -1.4055923754337605
    ],
    [
      0.9235218390436334,
      -1.423300791009148,
      -1.31004622817134
    ]
  ],
  "tvecs": [
    [
      -0.0029725471673643796,
      -0.0125108423133713,
      0.020483326569096055
    ],
    [
      0.010679441307386857,
      -0.006336776982151527,
      0.020100288550583698
    ],
    [
      -0.013150530596587422,
      -0.022753437542452116,
      0.013189391251866904
    ],
    [
      -0.014946595203226748,
      -0.0311137074459491,
      0.0023387964821303805
    ],
    [
      -0.02629153559099368,
      -0.024941714404632005,
      0.010501939507486416
    ],
    [
      0.005825799070094572,
      -0.011377106441367687,
      0.007958041035669439
    ],
    [
      -0.0008470109527322675,
      -0.0005863861487213145,
      0.028111775487574698
    ],
    [
      -0.012936861503939613,
      -0.0013814267808903125,
      0.020582418507999356
    ],
    [
      -0.023378509802466644,
      -0.011400223504385255,
      0.013249991160833795
    ],
    [
      -0.0059557619997264565,
      0.01106591113540359,
      0.020594439925553067
    ],
    [
      -0.011272224564191503,
      0.006280987285167329,
      0.007970247545750757
    ],
    [
      -0.021806386559850253,
      -0.003724581810549798,
      0.0009767887991358392
    ],
    [
      0.0014922231676459104,
      0.011917693916020806,
      0.007111363665365583
    ],
    [
      -0.023791609121244395,
      -0.01223585365005981,
      -0.010421007893081712
    ],
    [
      -0.03224694335422727,
      -0.013839229470304032,
      0.0018768162883965485
    ],
    [
      -0.010183879234757217,
      -0.010224145368571665,
      -0.007222239868773124
    ],
    [
      0.0,
      0.0,
      0.0
    ],
    [
      -0.01391780730218909,
      -0.023329772184107447,
      -0.010529372487810416
    ],
    [
      0.011808143884508307,
      0.0012699768463885037,
      0.007174024721348675
    ],
    [
      -0.005166891689556608,
      -0.022018705214205556,
      0.0008469160203384929
    ]
  ],
  "dimensions": [
    0.01,
    0.01,
    0.01,
    0.01,
    0.01,
    0.01,
    0.01,
    0.01,
    0.01,
    0.01,
    0.01,
    0.01,
    0.01,
    0.01,
    0.01,
    0.01,
    0.01,
    0.01,
    0.01,
    0.01
  ],
  "label": null
}